id,year
"The Penguins of Madagascar: ""Dr. Blowhole's Revenge""",2010
"The Penguins of Madagascar: ""The Lost Treasure of the Golden Squirrel""",2010
$100 and a T-Shirt: A Documentary About Zines in the Northwest,2004
(Untitled),2009
1,2013
1/4life,2005
10 Rules for Sleeping Around,2013
10 Years,2011
100 Feet,2008
11-11-11,2011
12 Dates of Christmas,2011
127 Hours,2010
13 Seconds,2006
13th Grade,2005
14 Hours,2005
17 Miracles,2011
17th Precinct,2012
18 Fingers of Death!,2006
187 Shadow Lane,2005
18-Year-Old Virgin,2009
1-900-Drinking-Buddy,2009
20% Fiction,2013
200 M.P.H.,2011
2001 Maniacs,2005
2001 Maniacs: Beverly Hellbillys,2010
2012 Doomsday,2008
2012,2009
2012: Ice Age,2011
2012: The Prophecies from the Heart,2009
21 and Over,2013
21,2008
27 Dresses,2008
28 Hotel Rooms,2012
2B,2009
2-Headed Shark Attack,2012
2k3,2009
3 Am?ricas,2007
3 Days to Kill,2013
3 Holiday Tails,2011
3 Musketeers,2011
30 Beats,2012
30 Days of Night,2007
30 Minute Quick Start Yoga for Weight Loss,2005
30 Minutes or Less,2011
35 and Ticking,2011
39: A Film by Carroll McKane,2006
4:44 Last Day on Earth,2011
40 Days and Nights,2012
42nd Street Forever: Vol. 3: Exploitation Explosion,2008
44,2008
47 Ronin,2013
5 Dollars,2010
6 Brothaz in a Cadillac,2006
6 Guns,2010
6 Month Rule,2011
666 The Beast,2007
7 Angels in Eden,2007
7 Seconds,2005
'77,2007
'79 Parts,2011
8,2012
8:46,2012
88 Minutes,2007
88:88,2012
89 Seconds at Alc?zar,2004
9,2009
96 Minutes,2011
A Beginner's Guide to Endings,2010
A Better Life,2008
A Bird of the Air,2011
A Boyfriend for Christmas,2004
A Boy's Life,2011
A Buddy Story,2010
A Case of You,2013
A Certain Point Of View,2010
A Christmas Carol,2009
A Christmas Kiss,2011
A Christmas Story 2,2012
A Christmas Too Many,2007
A Christmas Wish,2011
A Cinderella Story,2004
A Cinderella Story: Once Upon A Song,2011
A Cold Day in Hell,2011
A Darker Silence,2010
A Day in the Life,2009
A Fonder Heart,2011
A Funny Thing Happened at the Quick Mart,2004
A Good Man Is Hard to Find,2008
A Good Old Fashioned Orgy,2011
A Guide to Recognizing Your Saints,2006
A Hole in a Fence,2008
A Home at the End of the World,2004
A Kiss at Midnight,2008
A Kiss of Chaos,2009
A Late Quartet,2012
A Letter to Dad,2009
A Letter to Elia,2010
A Little Closer,2011
A Little War of Our Own,2011
A Lobster Tale,2006
A Martian Picnic,2012
A Mighty Heart,2007
A Most Wanted Man,2013
A Mother's Prayer,2009
A New Tomorrow,2007
A Novel Romance,2011
A Part,2008
A Prairie Home Companion,2006
A Princess for Christmas,2011
A Proper Violence,2011
A Shape of Error,2012
A Shepherd of Pure Heart,2005
A Single Man,2009
A Siren in the Dark,2008
A Song Still Inside,2013
A Sound of Thunder,2005
A Stranger's Heart,2007
A Teacher,2013
A Time for the Heart,2009
A Uniform Used to Mean Something...,2004
A Very Harold &amp; Kumar 3D Christmas,2011
A Warrior's Heart,2011
A Way with Murder,2009
Abbey of Thelema,2007
Abby in Wonderland,2008
Abe &amp; Bruno,2006
Abe's Tomb,2007
Abominable,2006
About Fifty,2011
Abraham Lincoln vs. Zombies,2012
Abraham Lincoln: Vampire Hunter,2012
Absence of Love,2012
Absentia,2011
Accepted,2006
Ace of Hearts,2008
Aces &amp; Eights,2008
Across the Universe,2007
Action Her00?,2004
Activity TV: Cartooning Expert,2007
Acts of Death,2007
Acts of Violence,2010
ADDicted,2012
Adopt a Sailor,2008
Adult World,2013
Adventure Time 'It Came From The Nightosphere',2010
Adventureland,2009
Adventures in the Sin Bin,2012
Adventures of a Teenage Dragonslayer,2010
Adventures of Bailey: The Lost Puppy,2010
Afro Samurai: Resurrection,2009
After Autumn,2007
After Earth,2013
After,2012
After...,2006
After.Life,2009
Aftershock: Beyond the Civil War,2006
Against All Odds 2008,2008
Against The Current,2009
Against the Tide,2009
Air: The Musical,2010
Airline Disaster,2010
Alaska Is a Drag,2012
Alexander the Last,2009
Alexander,2004
Algeny: The Genetic Factor,2007
Alice in Wonderland,2010
Alien 3000,2004
Alien Abduction,2005
Alien Lockdown,2005
Alien Siege,2005
Alien vs. Predator,2004
Aliens in the Attic,2009
Alive!,2009
All About Evil,2010
All About Steve,2009
All Cheerleaders Die,2013
All Lies on Me,2007
All Saints Day,2007
All That Glitters,2010
All the Boys Love Mandy Lane,2013
All Things Fall Apart,2011
All's Faire in Love,2009
Almighty Thor,2011
Alone and Restless,2004
Alone with Her,2007
Alpha and Omega,2010
Alpha Dog,2006
Altitude,2010
Alvin and the Chipmunks,2007
Alvin and the Chipmunks: Chipwrecked,2011
Alvin and the Chipmunks: The Squeakquel,2009
Amanda,2010
Amazing Grace,2006
Amazing Love,2012
Ambulance Girl,2005
Amelia's 25th,2012
America: Freedom to Fascism,2006
American Ballet Theatre in San Francisco,2005
American Cannibal,2006
American Crime,2004
American Drug War: The Last White Hope,2007
American Flyer,2010
American Fusion,2005
American High School,2008
American Pie Presents: The Book of Love,2009
American Stag,2006
American Zombie,2007
Americano,2005
Amu,2005
Amusement,2008
An American Carol,2008
An American Girl: Chrissa Stands Strong,2009
An Angel Named Billy,2007
An Evening with Kevin Smith 2: Evening Harder,2006
An Existential Affair,2006
An Uncommon Kindness: The Father Damien Story,2006
And Then Came Lola,2009
And Then Came Love,2007
And Winter Slow,2012
And/Or,2012
Anderson's Cross,2010
Andre the Butcher,2005
Andre: Heart of the Giant,2007
Andrew the Pirate,2005
Angels and Demons,2009
Angels in Stardust,2013
Animal 2,2008
Anneliese: The Exorcist Tapes,2011
Anonymous,2011
Another Earth,2011
Answer This!,2011
Ante Up,2008
Apart From That,2006
Apart,2011
Apartment 1303 3D,2012
Apartment 51: Devil Bat,2004
Ape,2012
Apocrypha,2009
Applause for Miss E,2009
Apples,2010
April Fools,2007
Aqua Teen Hunger Force Colon Movie Film for Theaters,2007
Aquaman,2007
Aquamarine,2006
Arbitrage,2012
Arcadia,2012
Are You Scared?,2007
Arms Race,2012
Art Machine,2011
Art Thief Musical!,2004
Arthur Newman,2012
As Smart As They Are: The Author Project,2005
As You Like It,2006
Asad,2012
Asian Stories,2006
Ask the Dust,2006
Assassination Games,2011
Assault of the Sasquatch,2009
Asshole for Hire,2011
Asudem,2006
Asylum,2008
Atlantis Down,2010
Atlas Shrugged: Part I,2011
Atlas Shrugged: Part II,2012
Atom Nine Adventures,2007
August Rush,2007
August the First,2007
August,2008
August,2011
Aunt Rose,2005
Automaton Transfusion,2006
Autumn,2004
Avenging Angel,2007
AVH: Alien vs. Hunter,2007
Babak &amp; Friends: A First Norooz,2005
Baby Mama,2008
Babylon A.D.,2008
Bachelor Party 2: The Last Temptation,2008
Bachelor Party in the Bungalow of the Damned,2007
Bachelor Party Vegas,2006
Bachelorette,2012
Back for the Future,2011
Backlash,2005
Backmask,2013
Backslash,2005
Bacterium,2006
Bad Boy Street,2012
Bad City,2006
Bad Dads,2010
Bad Fever,2012
Bad Kids Go to Hell,2012
Bad Meat,2011
Bad Teacher,2011
Bait Shop,2008
Ballhawks,2010
Ballistica,2009
Ballou,2008
Ballroom Basics: Vol. 9: Breakdance,2009
Balls Out: Gary The Tennis Coach,2008
Balto III: Wings of Change,2004
Band in a Bus,2008
Bankrupt,2007
Banshee!!!,2008
Barbershop 2: Back in Business,2004
Barbie and the Magic of Pegasus,2005
Barbie as the Princess and the Pauper,2004
Barbie Mariposa,2008
Bare Knuckles,2009
Barnyard,2006
Barry Munday,2010
Bart Got a Room,2008
Basic Instinct 2,2006
Bastards of the Party,2005
Batman Begins,2005
Batman: Gotham Knight,2008
Batman: Under the Red Hood,2010
Batman: Year One,2011
Battle for Terra,2007
Battle in Seattle,2007
Battle of Los Angeles,2011
Battle Planet,2008
Battle Scars: The Bud Moore Story,2011
Battle: Los Angeles,2011
Battleship,2012
Battlestar Galactica: Blood &amp; Chrome,2012
Bayonet,2012
Be Easy,2007
BearCity 2: The Proposal,2012
Beast of Burden,2007
Beastly,2011
Beating Hearts,2010
Beautiful Boy,2010
Beautiful Dreamer,2006
Beautiful Loser,2008
Because I Said So,2007
Bedfellows,2010
Beerfest,2006
Beethoven's Christmas Adventure,2011
Before I Sleep,2013
Before Last Night,2004
Behind the Mask,2006
Behold the Earth,2009
Being Flynn,2012
Believe in Me,2005
Bella Maddo,2010
Belly Dance Party,2004
Below the Beltway,2010
Bending the Rules,2011
Beneath Contempt,2011
Beneath the Blue,2010
Beneath the Harvest Sky,2013
Benny Bliss and the Disciples of Greatness,2009
Beowulf,2007
Beside Still Waters,2013
Best of the VonErichs,2004
Bestie's Night,2011
Betrayed at 17,2011
Better Luck Yesterday,2008
Between Love &amp; Goodbye,2008
Between Us,2012
Beverly Hills Chihuahua 2,2011
Beware the Gonzo,2010
Bewitched,2005
Beyond All Boundaries,2009
Beyond the Farthest Star,2013
Beyond the Ring,2008
Beyond the Sea,2004
Beyond the Wall of Sleep,2006
Beyond,2011
Beyoutiful,2012
Bhopal: A Prayer for Rain,2013
Bi the Way,2008
Big Ass Spider,2013
Big Breaks,2009
Big Fan,2009
Big Heart City,2008
Big Momma's House 2,2006
Big Money Rustlas,2010
Big River Man,2009
Big Stan,2007
Bigfoot,2012
Bikini Bloodbath,2006
Bikini Royale 2: The Right to Bare All,2009
Bikini Spring Break,2012
Bill W.,2012
Billy Blanks Bootcamp Elite: Mission 1: Get Started,2006
Billy: The Early Years,2008
Billys Birthday,2009
Bionicle: The Legend Reborn,2009
Biophage,2008
Bishop Leonard Scott: Be Lifted Up,2008
Bit Parts,2006
Bitch Slap,2009
Bitch,2006
Bite Marks,2011
Bite Me!,2004
Bitter/Sweet,2009
Black Devil Doll,2007
Black Dynamite,2009
Black Irish,2007
Black Love,2007
Black Snake Moan,2006
Black Swan,2010
Black Woman's Guide to Finding a Good Man,2007
Blackout,2007
Blackout,2008
Blacktino,2011
Blackwater Valley Exorcism,2006
Blackwater,2007
Blast,2004
Blessed,2004
Blind Date,2007
Blood Descendants,2007
Blood Done Sign My Name,2010
Blood Flow,2011
Blood Moon Rising,2009
Blood on the Border,2011
Blood on the Highway,2008
Blood Sucking Babes from Burbank,2006
Blood Ties,2013
Blood: A Butcher's Tale,2010
Bloodline: Sibling Rivalry,2005
Bloodsucking Redneck Vampires,2004
Blown,2005
Blue Boy,2009
Blue October: Argue with a Tree,2004
Blue Ruin,2013
Blue Smoke,2007
Blue State,2007
Blue-Eyed Butcher,2012
Bluetopia: The L.A. Dodgers Movie,2008
Blumenthal,2013
Boarding School 3D,2011
Bob Dylan: Revealed,2011
Bob Newhart: Button Down Concert,2006
Bobby,2006
Body Politic,2009
Bohica,2008
Bold Native,2010
Bollywood Dream,2010
Bombay Summer,2009
Bomber,2009
Boneboys,2012
Boog and Elliot's Midnight Bun Run,2007
Boogeyman 2,2008
Boogeyman 3,2009
Boogie Town,2010
Book of Swords,2004
Booster,2012
Border Town,2009
Border Wars,2008
Bordertown,2006
Born of Earth,2008
Born to Raise Hell,2010
Bottled Up,2013
Bottom Out,2004
Bottoms Up,2006
Bound by Lies,2005
Bounty,2009
Bowser Makes A Movie,2005
Boxboarders!,2007
Boy Toy,2011
Boys Briefs 5,2008
Brain Blockers,2007
Brainjacked,2009
Bram Stoker's Dracula's Guest,2008
Brave New World,2011
Brave,2012
Break a Leg,2005
Break,2008
Breaking and Entering,2006
Breaking Point,2009
Breathful,2007
Breathing in Wartime,2013
Bride and Prejudice,2004
Bridget Jones: The Edge of Reason,2004
Bright Day!,2010
Bring It On Again,2004
Bring It On: Fight to the Finish,2009
Bring It On: In It to Win It,2007
Bringing Up Bobby,2011
Brink,2010
Bristol Boys,2005
Brittney's Bachelorette Party,2006
Broke,2006
Broken City,2013
Broken English,2007
Broken Lizard Stands Up,2010
Broken,2007
Bronx Paradise,2010
Brooklyn Bound,2004
Brooklyn Rules,2006
Brother Bear 2,2006
Brutal,2007
Brutal,2011
Bryan Loves You,2008
Bubble,2005
Bucky Larson: Born to Be a Star,2011
Buffalo Dreams,2005
Buffalo Hearts,2007
Bullhead,2005
Bundy: An American Icon,2008
Bunker Hill,2008
Bunny,2010
Bunraku,2010
Bureaucracy,2009
Buried in Tucson,2007
Burn After Reading,2008
Burning Palms,2010
Bury My Heart at Wounded Knee,2007
Busted Shoes and Broken Hearts: A Film About Lowlight,2004
Busty Cops,2004
Butter,2011
Butterfly on a Wheel,2007
Bye Bye Benjamin,2006
Bye Bye Sally,2009
Cadillac Records,2008
Caf?,2011
Caffeine,2006
Cahaya,2012
Cake,2005
California Winter,2011
Camera Obscura,2010
Camp Rock 2: The Final Jam,2010
Camp Rock,2008
Candy Stripers,2006
Cannes: All Access,2006
Cannibal Taboo,2006
Captain America: The First Avenger,2011
Captain Beefheart: Under Review,2006
Captain Fin,2011
Careless,2007
Carfuckers,2008
Cargo Truck,2007
Carlisle Floyd: Willie Stark,2008
Carlita's Secret,2004
Carnal Innocence,2011
Carolina Moon,2007
Carpool Guy,2005
Carrie Underwood: An All-Star Holiday Special,2009
Carry Me Home,2004
Cartas a Elena,2010
Cartel 1882,2007
Cash Rules,2008
Casino Royale,2006
Cassadaga,2011
Cassandra's Dream,2007
Cat Run,2011
Catacombs,2007
Catch .44,2011
Catch and Release,2006
Catch That Kid,2004
Catwoman,2004
Cavedweller,2004
Cavite,2005
Cayman Went,2009
CBGB,2013
Cecilia,2009
Cellar,2010
Cellular,2004
Center Stage: Turn It Up,2008
Ceremony,2011
Certifiably Jonathan,2007
Chain Link,2008
Chainsaw Sally,2004
Championship Training: Heart of a Champion,2005
Chance,2012
Change of Plans,2011
Change,2010
Changeling,2008
Changing Hands,2010
Channel Chasers,2004
Chantal,2007
Chaos,2005
Chapman,2012
Chapters,2006
Charles Bukowski's The Little Tailor,2011
Charlie Bartlett,2007
Charlotte's Web,2006
Chasing 3000,2008
Chasing a Dream,2009
Chasing Christmas,2005
Chasing Liberty,2004
Che: Part Two,2008
Cheaper by the Dozen 2,2005
Cheat,2010
Chernobyl Diaries,2012
Cherry,2010
Chez Upshaw,2011
Chicago Boricua,2004
Chicago Massacre: Richard Speck,2007
Chicago Overcoat,2009
Chick Magnet,2011
Children of the Air,2011
Chill,2007
Chiller 13: Horror's Creepiest Kids,2011
Chiller 13: The Decade's Scariest Movie Moments,2010
Chillerama,2011
Chittagong,2012
Cholo Comedy Slam: Stand Up and Lean Back,2009
Christmas at Cadillac Jack's,2007
Christmas Cupid,2010
Christmas in Paradise,2007
Christmas Is Here Again,2007
Christmas with the Kranks,2004
ChromeSkull: Laid to Rest 2,2011
Chromophobia,2005
Chronic Town,2008
Chronicle,2012
Chrystal,2004
Church &amp; State,2010
Cinema Six,2012
Cinemad: Almanac 2009,2009
Cinema's Exiles: From Hitler to Hollywood,2009
Circle of Eight,2009
Circle,2010
Circumstance,2011
City Baby,2013
City Island,2009
City of Ember,2008
City of Scars,2010
City of Shoulders and Noses,2012
City Teacher,2007
Civil Unions: A Love Story,2010
Class,2010
Classical Masterpieces: Mozart's Symphony No. 41,2006
Clear Blue Tuesday,2009
Cleavagefield,2009
Clementine,2004
Clerks II,2006
Clipping Adam,2004
Clone Hunter,2009
Close Quarters,2011
Closer,2004
Close-Up,2011
Cloudburst,2011
Cloudy with a Chance of Meatballs 2,2013
Cloudy With A Chance of Meatballs,2009
Cloverfield,2008
Club Dread,2004
CO2,2010
Coach Carter,2005
Coach,2010
Coalition,2004
Cocktail 101!: Become a Perfect Bartender at Home,2009
Code Breakers,2005
Codename: Kids Next Door: Operation Z.E.R.O.,2006
Cold Heart Canyon,2007
Coldplay: Love Actually,2006
Collaborator,2011
College,2008
Colts: 2005 Draft Picks Collegiate Highlights,2005
Columbus Circle,2010
Combustion,2004
Come Away Home,2005
Come What May,2009
Comedy Ain't for the Money,2007
Comedy Gold: The Hilarious Story of Canadian Comedy,2006
Comic Book: The Movie,2004
Committed,2011
Communication Breakdown,2004
Compliance,2012
Computer Chess,2013
Conception,2011
Concrete Blondes,2012
Concussion,2013
Conference of the Birds,2011
Confessions of a Shopaholic,2009
Confessions of an Action Star,2008
Confessionsofa Ex-Doofus-ItchyFooted Mutha,2008
Connors' War,2006
Consideration,2004
Consignment,2007
Conspiracy X,2010
Constantine,2005
Constellation,2007
Contagion,2011
Contract Killers,2007
Convict,2009
Cool Dog,2010
Cool Money,2005
Coons! Night of the Bandits of the Night,2005
Cop Out,2010
Copenhagen,2013
Copley: An American Fairytale,2008
Corked,2009
Corporate Affairs,2008
Corpus Callosum,2007
Cost of a Soul,2010
Cotton Flowers,2004
Cougar Club,2007
Cougar Hunting,2011
Counting Backwards,2007
County General,2005
Couples Retreat,2009
Courageous,2011
Covert One: The Hades Factor,2006
Cowboy Killer,2008
Coyote,2007
Crackerjack,2012
Crank Balls,2007
Crash Landing,2005
Crashing,2007
Crazy Heart,2009
Crazy,2005
Creature of Darkness,2010
Creek,2007
Crescendo I,2011
Cried Suicide,2010
Criminal Desire,2005
Crippled Creek,2005
Crooked,2005
Cross Bones,2005
Cross Bronx,2004
Crossing Over,2009
Crossing,2011
Crossover between Codename: Kids Next Door and The Grim Adventures of Billy &amp; Mandy,2007
Crunch: Super-Charged Kickbox Party,2007
Crush,2010
Cube Zombies,2007
Cupcake,2008
Curious,2006
Curse of Chucky,2013
Cyborg Conquest,2009
Cyborg Soldier,2008
Cyclops,2008
Cyrano de Bergerac,2008
D4,2010
Da Block Party 2,2006
Da Block Party,2004
Da Hip Hop Witch,2004
Dahmer Vs. Gacy,2010
Dallas Buyers Club,2013
Dalton Trumbo's Johnny Got His Gun,2008
Damsels in Distress,2011
Dance Fu,2011
Dance of the Dead,2008
Dance Party USA,2006
Dancing on Dangerous Ground,2004
Dangerous Attraction,2012
Dante's Inferno Documented,2012
Dante's Inferno: Abandon All Hope,2010
Dark Crossing,2010
Dark Fields,2009
Dark Games,2011
Dark Heart,2006
Dark Hearts,2012
Dark Horse,2011
Dark House,2009
Dark Shadows,2012
Darklight,2004
Darling Companion,2012
Dating Games People Play,2005
Dave Chappelle's Block Party,2006
David &amp; Fatima,2008
David,2011
Dawn of the Dead,2004
Day of the Ax,2007
Day of the Kamikaze,2004
Day of Vengeance,2008
Day on Fire,2006
Day One,2012
Day X,2006
Days Like These,2004
DC Showcase Original Shorts Collection,2010
DCI,2012
Dead Air,2008
Dead And Deader,2006
Dead and Gone,2008
Dead Awake,2010
Dead Like Me: Life After Death,2009
Dead Man Down,2013
Dead Man's Hand,2007
Dead of Nowhere 3D,2011
Dead Space: Aftermath,2011
Dead Space: Downfall,2008
Dead Teenagers,2006
Dead Tone,2007
Deaden,2006
Deadfall Trail,2009
Deadfall,2012
Deadgirl,2008
Deadheads,2011
Deadly Sibling Rivalry,2011
Deadwood Park,2007
Deaf Relay: At Your Service,2010
Dean Teaster's Ghost Town,2007
Dear John,2010
Death &amp; Texas,2004
Death at a Funeral,2010
Death Race 3: Inferno,2012
Death Race,2008
Death Racers,2008
Death Sentence,2007
Death to the Tinman,2007
Death Tunnel,2005
Debating Robert Lee,2004
Decaying Orbit,2007
December Ends,2006
Deception,2011
Deck the Halls,2006
Decoding Annie Parker,2013
Dedication,2007
Deep Dark Canyon,2012
Deep in the Heart,2011
Deep in the Valley,2009
Deerskin Lake,2011
Deface,2007
Default,2011
Defendor,2009
Defiance,2008
Delirious,2006
De-Lovely,2004
Delphinium: A Childhood Portrait of Derek Jarman,2009
Democrazy,2005
Demons from Her Past,2006
Demoted,2011
Den Brother,2010
Desires of the Heart,2009
Desperate Endeavors,2011
Desperately Seeking Paul McCartney,2008
Despicable Me 2,2013
Detonator,2012
Deuce of Spades,2010
Devil's Den,2006
Devil's Highway,2006
Devils Inside,2012
Devil's Knight,2004
Devil's Knot,2013
Devolved,2010
Devour,2005
Devoured: The Legend of Alfred Packer,2005
Diabolical Tales: Part I,2006
Diamond Zero,2005
Diamonds (US),2009
Diary of the Dead,2007
Dick Night,2011
Dilated Peoples: The Release Party,2007
Dinoshark,2010
Diplomacy,2009
Dirty Laundry,2006
Dirty War,2004
Disappearing in America,2009
Disconnect,2012
Disintegration,2007
Disney Princess Enchanted Tales: Follow Your Dreams,2007
Disney Princess Party: Volume Two,2005
Disney Princess Sing-Along Songs: Enchanted Tea Party,2005
Disorder,2007
Distortion,2006
Disturbed,2007
Divine Intervention,2007
Division III: Football's Finest,2011
Djinn: An Ancient Fairy Tale,2008
Do You Know Me,2009
DOA: Dead or Alive,2006
Doctor Glamour,2012
Doctor Strange: The Sorcerer Supreme,2007
Documental,2011
DodgeBall: A True Underdog Story,2004
Dog Days of Summer,2007
Dog Eat Dog,2012
Dog Tags,2008
Doing Hard Time,2004
Dolphin Tale,2011
Domino One,2005
Don Barnhart: De-evolution of Man,2004
Don Jon,2013
Donna on Demand,2009
Donnie McClurkin Story: From Darkness to Light,2004
Don't Come Knocking,2005
Don't Go in the Woods,2010
Don't Look Up,2009
Don't Touch If You Ain't Prayed 2,2008
Doogal,2006
Dora Saves the Snow Princess,2008
Dora the Explorer: Super Silly Fiesta!,2004
Dorian Blues,2004
Double Identity,2009
Double Wedding,2010
Down the P.C.H.,2006
Downloading And You,2011
Dr Breakfast,2011
Drag Me to Hell,2009
Dragon Hunter,2008
Dragonball Evolution,2009
Drawback,2010
Drawing Restraint 9,2005
Dream House,2011
Dream Slashers,2007
Dreamkiller,2010
Dreamland,2006
Dreams Awake,2011
Dreams with Sharp Teeth,2008
Driftwood,2006
Drinking Buddies,2013
Drip Negative,2010
Drive Angry,2011
Drive-In Horrorshow,2009
Drop Dead Sexy,2006
Drunk History: Tesla &amp; Edison,2010
Dry Run,2010
Dueling Guitars 1: Paul Bollenback and John Hart,2008
Dungeon Girl,2007
Dungeon of Dr. Dreck,2008
Duress,2009
Dwegons,2012
Eagle Eye,2008
Earth 2100,2009
Earth Made of Glass,2010
Earth vs. The Radiators: The First 25,2004
Earth,2007
Earthling,2010
Earthlings,2005
Earthstorm,2006
Earthwork,2011
Eastern College,2008
Eastern Promises,2007
Easton's Article,2012
Eat Cake,2010
Eckhart Tolle: Finding Your Life's Purpose,2008
Eclipse,2010
Ecstasy,2010
Edgar Allan Poe's Ligeia,2009
Edison,2005
Eggs,2010
Eight Days To Live,2006
El Gringo,2012
El Matador,2004
Elektra Luxx,2010
Elektra,2005
Elena Undone,2010
Elephant Garden,2008
Elephant,2009
Elevator Movie,2004
Elf Sparkle and the Special Red Dress,2010
ELI,2007
Elle: A Modern Cinderella Tale,2010
Elliot Loves,2012
Elmo Loves You!,2010
Elmo's Christmas Countdown,2007
Elton John: The Red Piano,2005
Emanuel and the Truth about Fishes,2013
Emma Smith: My Story,2008
Emperor,2012
Empire Builder,2012
Empire Falls,2005
EMR,2004
Enchanted,2007
End of the Road,2011
Endless Bummer,2009
Enemies Among Us,2010
Enigma,2009
Enron: The Smartest Guys in the Room,2005
Envy,2005
Epic Movie,2007
Epic,2013
Erase-replace,2012
Escape from Planet Earth,2013
Escapee,2011
ESL: English as a Second Language,2005
Estranged,2011
Ethan Mao,2004
Eulogy for a Vampire,2009
Eulogy,2004
Europa: Konzert from Prague,2006
EuroTrip,2004
Evel Knievel,2004
Every Little Step,2008
Everybody and Their Mother Wants to Write and Direct,2004
Everybody's Fine,2009
Everyman's War,2009
Everyone's Hero,2006
Everything's Jake,2007
Eves Necklace,2009
Evidence,2013
Evil Bong 2: King Bong,2009
Evil Bong,2006
Evil Eyes,2004
Excuse Me for Living,2011
Exit 117,2009
Exit 38,2006
Exit Strategy,2012
Expendable,2004
Expiration Date,2006
Explicit Ills,2008
Exposure,2011
Extract,2009
Extreme Movie,2008
Eye of the Hurricane,2011
Eye of the Stranger,2004
Eyeborgs,2009
Eyehole Paintings,2010
Eyes Front,2007
Faces in the Crowd,2011
Factory Girl,2006
Fade,2007
Fading of the Cries,2011
Fagbug,2008
Failing Better Now,2008
Failure to Launch,2006
Fair Lawn,2010
Faith Happens,2012
Fall Down Dead,2007
Fall Guy: The John Stewart Story,2007
Fallen Angels,2006
Falling,2005
False Face,2009
Family Weekend,2013
Fanboys,2009
Fantastic Four,2005
Fantastic Mr. Fox,2009
Farewell Mr. Kringle,2010
Fast &amp; Furious 6,2013
Fast &amp; Furious,2009
Fast Five,2011
Fast Girl,2007
Fast Track: No Limits,2008
Fat Girls,2006
Fat Kid Rules the World,2012
Father Knows...,2007
Father of Invention,2010
Fay Grim,2006
FDR: American Badass!,2012
Fearless,2006
Feast 2: Sloppy Seconds,2008
Feast 3: The Happy Finish,2009
Feel,2006
Felicity: An American Girl Adventure,2005
Few Options,2011
Fido,2006
Field of Dreams 2: Lockout,2011
Fielder's Choice,2005
Fifth Form,2009
Fight for Your Right Revisited,2011
Fighting the Odds: The Marilyn Gambrell Story,2005
Filly Brown,2012
Film Crew: Giant of Marathon,2007
Film Crew: Hollywood After Dark,2007
Film Crew: Wild Women of Wongo,2007
Final Curtain: Part 8 - Ethan Takes Manhattan,2007
Final Days of Planet Earth,2006
Final Destination 5,2011
Final Move,2006
Final Sale,2011
Find Me Guilty,2006
Finding a Family,2011
Finding Bliss,2009
Finding Grandma,2010
Finding Neverland,2004
Fingerprints,2007
Finishing the Game,2007
Fire from Below,2009
Fire with Fire,2012
Fireproof,2008
Fireworks,2012
First Birthday,2011
First Glance,2011
First Winter,2012
Fish Without a Bicycle,2004
Five Dollars a Day,2008
Five Fingers,2008
Five Minarets in New York,2010
Five Minutes of Heaven,2009
Five Proof,2011
Five Time Champion,2011
Five,2011
Fizzy Bizness,2005
Flags of Our Fathers,2006
Flannel Pajamas,2006
Flash of Genius,2008
Flatland,2007
Flatland: The Movie,2007
Flesh Wounds,2010
Flicka 2,2010
Flight 29 Down: The Series Finale: Hotel Tango,2010
Flight of the Living Dead: Outbreak on a Plane,2007
Flightplan,2005
Flip the Script,2005
Flipped,2010
Flirting with Forty,2008
Florida Road,2010
Flu Bird Horror,2008
Flyboys,2006
Folie ? Deux,2007
Follow the Prophet,2009
Food Fight,2008
Fool's Day,2013
Fool's Gold,2008
For Love of Liberty: The Story of America's Black Patriots,2010
For the Love of Grace,2008
Forbidden Zone 2: The Forbidden Galaxy,2011
Forces of Nature,2004
Forever's Gonna Start Tonight,2010
Forged,2010
Forgetting the Girl,2012
Forgiven,2006
Formosa,2005
Fortune Cookie Magic Tricks,2011
Four Boxes,2009
Four Christmases,2008
Four Dead Batteries,2004
Four Eyed Monsters,2005
Four Steps,2009
Frankenstein &amp; the Werewolf Reborn!,2005
Frankenweenie,2012
Frat Party,2009
Fraternity House,2008
Frayed,2009
Freak Dance,2010
Freaky Deaky,2012
Freaky Farley,2007
Fred 3: Camp Fred,2012
Fred Claus,2007
Fred: The Movie,2010
Free Hugs,2011
Free Samples,2012
Free Style,2009
Free Willy: Escape from Pirate's Cove,2010
Freedom Writers,2007
Freeloaders,2011
Freerunner,2011
Freeway Killer,2010
Freshman Orientation,2004
Friday at Dewayne's,2008
Friday the 13th Part 2 (3D),2011
Friends with Benefits,2011
Friends with Money,2006
Fright Night,2011
From Paris with Love,2010
From the Rough,2011
From Within,2008
Front,2007
Frost/Nixon,2008
Frosted Pink,2007
Frozen,2010
Fruit of Labor,2011
Fruitvale Station,2013
Fugio Diem,2008
Fugly!,2011
Full Count,2006
Full Grown Men,2006
Full of It,2007
Fully Loaded,2011
Funeral Kings,2012
Funny Money,2006
Funny People,2009
Future Weather,2012
Fuzzy Connections,2010
Gabi on the Roof in July,2010
Gallowwalkers,2012
Gambit,2012
Game 6,2006
Game Time: Tackling the Past,2011
Gang of Roses 2: Next Generation,2012
Garden Party,2008
Gardens of the Night,2008
Garfield: A Tail of Two Kitties,2006
Garfield: The Movie,2004
Gatchaman,2009
Gates of Eden,2011
Gateways to the Otherworld: Quantum Mind of God: Part 1,2007
Gathering of Heroes: Legend of the Seven Swords,2012
Gay Dude,2012
Geekin',2006
Geezers!,2012
Genesis 2006 (TV),2006
Geography Club,2013
Geography of the Hapless Heart,2013
Get Low,2009
Get Smart,2008
Get Smart's Bruce &amp; Lloyd Out of Control,2008
Get Thee Behind Me,2005
Gettin' It,2006
Getting It On!,2004
Gettysburg: Three Days of Destiny,2004
G-Force,2009
Ghetto Stories: The Movie,2010
Ghost Month,2009
Ghost Rider: Spirit of Vengeance,2011
Ghosts Don't Exist,2010
Ghosts of the Heartland,2007
Ghouls,2008
Gillian,2010
Gimme Shelter,2010
Gimme Skelter,2007
Gimme the Loot,2012
Gingerdead Man 3: Saturday Night Cleaver,2011
Girl in Progress,2012
Girl Play,2004
Girl Scouting,2011
Girl Walks into a Bar,2011
Girls Against Boys,2012
Girls Gone Dead,2009
Girls Room,2007
Girls with Capes,2013
Glass Trap,2004
Glee Encore,2011
Glee: The 3D Concert Movie,2011
Gleeclipse,2010
Global Enlightenment: Part 1,2005
Glory Road,2006
Gnashing the Gnash,2009
Go Go Reject,2010
Goats,2012
God Bless America,2011
Godkiller,2009
Godsend,2004
Going the Distance,2010
Going to Pieces: The Rise and Fall of the Slasher Film,2006
GoldenBox,2011
Gone But Not Forgotten,2005
Gone the Way of Flesh,2007
Gone,2012
Good Dick,2008
Good Luck Charlie: It's Christmas!,2011
Good Luck Chuck,2007
Goodbye Baby,2007
Gothic Vampires from Hell,2007
Graffiti Verite 10: Hip-Hop Dance: Moving in the Moment,2010
Gran Torino,2008
Grand Piano,2013
Grand Prix: The Winning Tale,2011
Grandma's Boy,2006
Grapes on a Vine,2008
Grassroots,2012
Great World of Sound,2007
Greater Vision Quartets: Live at NQC,2005
Green Flash,2008
Green Lantern,2011
Greener Mountains,2005
Greystone,2012
Gridiron Gang,2006
Grilled,2006
Grim Reaper,2005
Grindhouse,2007
Grindin',2007
Growing Up 30,2005
Grown Ups 2,2013
Grown Ups,2010
Grudge Match,2013
Guardian of the Realm,2004
Guilty Hearts,2005
Gun Hill Road,2011
Gun,2010
Gunfight at La Mesa,2008
Guy and Madeline on a Park Bench,2009
Gyre,2011
H.P. Lovecraft?s The Dunwich Horror,2009
H2O Extreme,2009
Hachi: A Dog's Tale,2009
Hack!,2007
Hair High,2004
Half-Life,2012
Half-Share,2011
Hall Pass,2011
Hallelujah,2011
Hamlet A.D.D.,2009
Hampshire: A Ghost Story,2009
Handsome Harry,2009
Hanna,2011
Hannah Mantegna,2010
Hannah Takes the Stairs,2007
Hanna's Gold,2010
Hansel &amp; Gretel: Witch Hunters,2013
Happiness Runs,2010
Happy Birthday Harris Malden,2008
Happy Feet,2006
Happy Now,2004
Happythankyoumoreplease,2010
Hard Breakers,2011
Hard Four,2007
Hard Love,2011
Hard Luck,2006
Hardwired,2009
Hark,2012
Harmony and Me,2009
Harold &amp; Kumar Go to White Castle,2004
Harold,2008
Harrison Montgomery,2008
Harry Potter and the Deathly Hallows - Part I,2010
Harry Potter and the Deathly Hallows ? Part 2,2011
Harry Shearer: Now You See It,2006
Harvest of Fear,2004
Hastey Hastey - Follow Your Heart,2008
Hatchet,2006
Hate Crime,2006
Hatfields &amp; McCoys,2012
Haunted Echoes,2008
Haunted,2012
Have a Little Faith,2011
Have Tig at Your Party,2008
Headhunter,2006
Heart Breaks Open,2011
Heart Land,2011
Heart of a Soul Surfer: The Bethany Hamilton Story,2007
Heart of an Empire,2007
Heart of Now,2011
Heart of the Beholder,2005
Heart of the Storm,2004
Heartless,2005
Heaven on Earth: The Rise and Fall of Socialism,2005
Heavy Petting,2008
Heber Holiday,2007
Hedda Gabler,2004
Heebie Jeebies,2005
Held Up,2010
Helen,2009
Hell on Earth,2007
Hell-ephone,2008
Hemingway &amp; Gellhorn,2012
Hemlock Drive,2012
Henry and Me,2012
Her Morbid Desires,2008
Her Summer,2004
Her,2013
Herbie: Fully Loaded,2005
Hercules:The Brave and The Bold,2013
Here &amp; Now,2010
Here Comes the Boom,2012
Here Comes the Devil,2012
Hero of the Rails,2009
Hero-Man,2012
He's Just Not That Into You,2009
He's Way More Famous Than You,2013
Hesher,2010
Heterosexuals,2010
Hibakusha,2012
Hidden Secrets,2006
Hiding From Adults,2012
Hiding Victoria,2006
High Hopes,2005
High Midnight,2012
High School Musical 2,2007
High School Musical 3: Senior Year,2008
High School Musical,2006
High School,2010
Higher Ground: Voices of Contemporary Gospel Music,2004
Hijacked,2012
Hillbilly Highway,2012
Hip Hop Legends,2007
Hip-Hop Task Force,2004
Hired Gun,2009
His Name Was Jason: 30 Years of Friday the 13th,2009
Hit and Run,2008
Hit and Run,2012
Hitch,2005
Hoboken Hollow,2005
Holiday Road,2012
Holla at Me,2007
Hollow Man 2,2006
Holly Hobbie and Friends: Surprise Party,2005
Hollywood &amp; Hammer,2012
Hollywood Chinese,2007
Hollywood Dreams,2006
Hollywood Mom's Mystery,2004
Hollywood Sex Wars,2011
Hollywood To Dollywood,2011
Hollywoodland,2006
Holy Rollers,2010
Home Movie,2008
Home,2005
Homefront,2013
Homeland,2009
Homeless,2006
Homemade Hillbilly Jam,2005
Honey 2,2011
Hooch &amp; Daddy-O,2005
Hoodwinked Too! Hood vs. Evil,2011
Hop,2011
Hope Springs,2012
Horrible Bosses,2011
Horse Crazy Too,2009
Hostage,2005
Hostel 3,2011
Hostel: Part II,2007
Hostile Takedown,2004
Hot Dog Water,2011
Hot Fuzz,2007
Hot Tub Time Machine,2010
Hotel for Dogs,2009
Hotel Rwanda,2004
Hotel Transylvania,2012
Hounddog,2007
House Broken,2009
House of Bones,2010
House of D,2004
House of Fallen,2008
House of Fears,2007
House of the Wolfman,2009
House Rules,2009
Housebroken,2012
How Do You Write a Joe Schermann Song,2012
How She Move,2008
How to be: Emo,2004
How to Eat Fried Worms,2006
How to Eat Your Watermelon in White Company (And Enjoy It),2007
How to Juggle &amp; Other Cheap Tricks with Marty Pollio,2008
How to Rob a Bank,2008
How to Train Your Dragon,2010
Howard Cantour,2012
Howlin' for You,2011
Hugo,2011
Hulk Vs,2009
Humpday,2009
Hunter Prey,2009
Husk,2010
Hustle,2004
Hustler's Instinct,2005
Hypothermia,2010
I Am Ben,2011
I Am I,2013
I Am Legend,2007
I Am Number Four,2011
I Am What I Eat,2013
I Can Do Bad All by Myself,2009
I Can?t Think Straight,2008
I Could Never Be Your Woman,2007
I Do &amp; I Don't,2007
I Do...I Did,2009
I Flunked Sunday School,2006
I Heart Huckabees,2004
I Now Pronounce You Chuck and Larry,2007
I Want to Marry Ryan Banks,2004
Ice Age: A Mammoth Christmas,2011
ICE,2013
IceBreaker,2007
If Only,2004
If You Could Say It in Words,2008
I'll be Seeing You,2004
Illusion,2004
I'm Not Like That No More,2010
I'm Still Here: Real Diaries of Young People Who Lived During the Holocaust,2005
Imaginary Friend,2006
Imaginary Heroes,2004
Imagination,2007
Imagine That,2009
Immortals,2011
Impact Point,2008
Imprint,2007
Impulse,2010
IMurders,2008
In a Pickle,2011
In Bruges,2008
In My Pocket,2011
In My Sleep,2010
In the Arms of Angels,2004
In the Land of Blood and Honey,2011
In the Land of Women,2007
In the Name of Allah,2007
In the Name of God,2007
In the Valley of Elah,2007
In Time,2011
Incendiary,2008
Inconceivable,2008
Independents,2008
Indigo Hearts,2005
Inferno: A Linda Lovelace Story,2013
Inkheart,2008
Inkubus,2011
Inland Empire,2006
Innocent,2009
Insanitarium,2008
Inside Llewyn Davis,2013
Inside,2006
Insidious,2010
Insidious: Chapter 2,2013
InSight,2011
Intelligence,2006
Interior. Leather Bar.,2013
Intermedio,2005
Into Temptation,2009
Into the Arms of Strangers,2007
Into the Storm,2008
Invincible,2006
Invitation to a Suicide,2004
Ira and Abby,2007
Ira Finkelstein's Christmas,2011
Irish American Ninja,2005
Irish Jam,2006
Irish Twins,2008
Iron Man 2,2010
Iron Man,2008
Ironclad,2011
Isle of the Damned,2008
It Came from Trafalgar,2005
It Felt Like Love,2013
It Is Fine! Everything Is Fine.,2007
It Was Raining That Night,2005
It's a Disaster,2012
It's My Party and I'll Die if I Want To,2007
It's Over,2009
Ivory,2010
Jack and the Beanstalk,2009
Jack O'Lantern,2004
Jack Reacher,2012
Jack Squad,2007
Jack's Not Sick Anymore,2012
Jada,2008
Jail Party,2004
Jake Squared,2013
Jamaa,2011
James Patterson's Suzanne's Diary for Nicholas,2005
Jamie Foxx Presents: America's Funniest Comics: Vol. 4,2006
Jane Eyre,2011
Jason Stuart: Making It to the Middle,2007
Jayne Mansfield's Car,2012
Jenifer,2005
Jeremy's Family Reunion,2004
Jerry,2009
Jess + Moss,2011
Jesse McCartney: Up Close,2005
Jesse Stone: Innocents Lost,2011
Jesus Comes To Town,2010
Jesus Henry Christ,2012
Jewtopia,2012
Jiminy Glick in Lalawood,2004
Jimmy Buffett:  Scenes You Know by Heart,2009
Jimmy Carter: The President from Plains,2007
Jin,2011
Joe,2013
John Carpenter's Cigarette Burns,2005
John Carter,2012
Join Us,2007
Jolene,2008
Jolly Roger: Massacre at Cutter's Cove,2005
Jordon Saffron: Taste This!,2009
Joseph Smith: The Prophet of the Restoration,2005
Journey 2: The Mysterious Island,2012
Journey to the Center of the Earth,2008
Journey to the End of the Night,2006
Judas Kiss,2011
Julia X 3D,2011
Julia,2008
Jump In!,2007
Junebug,2005
Just Add Water,2008
Just Dance,2009
Just in Case,2009
Just Peck,2009
Justice League: Crisis on Two Earths,2010
Justice League: Doom,2012
Justice,2004
Justin Bond is Everything You Always Wanted to Know About Sex*,2010
Kalamity,2010
Karaoke Man,2010
Katy Perry: Part of Me,2012
KAW,2007
Keep the Lights On,2012
Keepin' the Faith: Lookin' for Mr. Right,2007
Kelly Brook's Cameltoe Shows,2010
Kemper,2008
Kettle of Fish,2006
Kevin Hart: Let Me Explain,2013
Kevin Levrone: Maryland Muscle Machine M3 Bodybuilding,2006
Kevin Nealon: Now Hear Me Out!,2009
Kevin Pollak: The Littlest Suspect,2010
Kevin Smith: Too Fat for 40,2010
Key Party,2006
Kicking It,2008
Kid Racer,2010
Kids in America,2005
Kiki &amp; Herb: Live at the Knitting Factory,2007
Kill Bill Volume 2,2004
Kill Katie Malone,2010
Kill Theory,2008
Kill Your Darlings,2013
Kill Zone,2008
Killer Bash,2005
Killer Ink,2011
Killer Joe,2011
Killer Kart,2012
Killer Pad,2008
Killers,2010
Killing Down,2006
Killing Season,2013
King Kong,2005
King of Hearts,2005
King of the Elves,2012
King Solomon's Mines,2004
King: Man of Peace in a Time of War,2006
Kingdom of Heaven,2005
Kings of South Beach,2007
Kings of the Evening,2010
Kings,2010
Kingshighway,2010
Kinky Killers,2007
Kiss Kiss Bang Bang,2005
Kiss Me Again,2006
Kiss Me,2012
Kiss of the Damned,2012
Kiss of the Vampire,2007
Kiss the Bride,2010
Kissing on the Mouth,2005
Kit Kittredge: An American Girl,2008
Knife Fight,2012
Knocked Up,2007
Knots,2011
Know Thy Enemy,2009
Knuckle Draggers,2009
Knuckle Game,2006
Knucklehead,2010
Kottentail,2004
Krews,2010
Kristin's Christmas Past,2013
Kung Fu Panda 2,2011
Kung Fu Panda Holiday,2010
Kung Fu Panda,2008
Kung Fu Panda: Secrets of the Masters,2011
L!fe Happens,2011
L.A. Blues,2007
L.A. Twister,2004
La Linea,2007
La Mission,2009
La Trinchera Luminosa del Presidente Gonzalo,2007
Labor Day,2013
Labor Pains,2009
Labou,2009
Ladder 49,2004
Ladies Night,2005
Laffit: All About Winning,2006
Laid to Rest,2009
Lake City,2008
Lake Dead,2007
Lake Placid 2,2007
Lake Placid 3,2010
Lakeview Terrace,2008
Land of Confusion,2007
Larry Crowne,2011
Last Call,2008
Last Chance Harvey,2008
Last Cup: Road to the World Series of Beer Pong,2008
Last Day of December,2006
Last Day of Summer,2010
Last I Heard,2013
Last Night,2010
Last Stand of the 300,2007
Last Stop for Paul,2006
Last Stop,2011
Latino Comedy Series: Vol. 3,2006
Latinos Locos,2004
Laura Keller - NB,2012
Laura Smiles,2006
Lay the Favorite,2012
Leap Year,2010
LeapFrog: Let's Go to School,2009
LeapFrog: Math Adventure to the Moon,2009
Learn to Play Electric Guitar: Beginners,2005
Learning Italian,2011
Leaving Barstow,2008
Lee,2011
Leeds Point,2008
Left Behind: World at War,2005
Legally Mad,2010
Legend of Earthsea,2004
Legend of the Boneknapper Dragon,2010
Legends of Oz: Dorothy's Return,2013
Legion,2010
Leisa Hart Fit to the Core: Chisel Your Body Lean,2004
Leisa Hart: Sexy Legs,2004
Lemmy,2010
Lemonade Mouth,2011
Leroy &amp; Stitch,2006
Les Mis?rables,2012
Les Vulnerables,2007
Let Go,2011
Let It Shine,2012
Let Them Chirp Awhile,2007
Let's Rock Again,2004
Letters from the Big Man,2011
Letters to God,2010
Liars All,2012
Liberal Arts,2012
Liberty Kid,2007
Liberty,2012
License to Wed,2007
Life as a Movie,2008
Life During Wartime,2009
Life in Flight,2008
Life of Crime,2013
Life of the Party,2005
Life on Earth,2009
Life on Liberty Street,2004
Life Support,2007
Lifeblood,2006
Lifelines,2008
Light Escapes Through the Intervals,2011
Lightning Bug,2004
Lilo &amp; Stitch 2: Stitch Has a Glitch,2005
Lily,2013
Lionhead,2012
Listen to Your Heart,2010
Little Big Top,2006
Little Black Book,2004
Little Blue Pill,2010
Little Boy,2012
Little Creeps,2012
Little Farm,2006
Little Fockers,2010
Little Hercules in 3-D,2009
Little Love,2010
Little Odessa,2009
Little Ones,2011
Little Red Wagon,2012
Live at the Foxes Den,2012
Live Comedy from the Laff House: Kevin Hart,2006
Live Evil,2008
Live Free or Die Hard,2007
Live Free or Die,2006
Lives of the Saints,2012
Living Legends of Comedy: Real Talk,2008
Living Life,2005
Living Proof,2008
Liviu's Dream,2004
Lo,2009
Loaded,2008
Local Color,2006
Lockdown 2007 (TV),2007
Locke &amp; Key,2011
Locked Away,2010
Logan,2010
Loggerheads,2005
LOL,2006
LOL: Laughing Out Loud,2012
London Boulevard,2010
Lonely Hearts,2007
Lonesome Jim,2005
Long Distance,2005
Longhorns,2011
Long-Term Relationship,2006
Look @ Me,2005
Looking at Animals,2009
Looking for Kitty,2006
Loop Planes,2010
Looper,2012
Lord Byron,2011
Loren Cass,2006
Los Bandoleros,2009
Losing Control,2011
Lost Angel,2013
Lost Boys: The Tribe,2008
Lost City Raiders,2008
Lost,2004
Loudmouth Soup,2005
Love &amp; Debate,2006
Love and Anger,2012
Love and Honor,2013
Love Conquers Paul,2009
Love Happens,2009
Love Hurts,2009
Love in the Time of Cholera,2007
Love or Whatever,2012
Love Orchard,2013
Love Ranch,2010
Love Rome,2004
Love Simple,2009
Love Story,2012
Love Takes Wing,2009
Love to Kill,2008
Love Will Tear Us Apart,2013
Love,2011
Lovecraft: Fear of the Unknown,2008
Lovely By Surprise,2007
Lovely Molly,2011
Lovepocalypse,2010
Loverboy,2005
Love's Abiding Joy,2006
Love's Long Journey,2005
Love's Unending Legacy,2007
Love's Unfolding Dream,2007
Loving Annabelle,2006
Lucky,2011
Lumpy,2012
Lunar Effect,2009
Lurid,2013
M?sica Campesina,2011
Macaframa,2009
MacGruber,2010
Mad Cowgirl,2006
Madagascar 3: Europe's Most Wanted,2012
Maddoggin,2011
Made of Honor,2008
Madea Goes to Jail,2009
Madso's War,2010
Magic Mike,2012
Magma: Earth's Molten Core,2004
Main Street,2010
Maintenance,2007
Make A Movie Like Spike,2011
Making Mr. Right,2008
Malevolence,2004
Mamma Mia!,2008
Man of Steel,2013
Man of the Year,2006
Man Push Cart,2005
Man Without a Head,2011
Management,2008
Manband the Movie,2006
Manchild,2007
Mandie and the Cherokee Treasure,2010
Mandie and the Secret Tunnel,2009
Mann's World,2011
Manowar: Hell on Earth: Part IV,2005
Mao's Last Dancer,2009
Marathoners,2011
Mardi Gras: Spring Break,2011
Margin Call,2011
Maria My Love,2011
Marie and Bruce,2005
Marijuanos,2007
Marmaduke,2010
Married Life,2007
Mars Needs Moms,2011
Martha Marcy May Marlene,2011
Martha: Behind Bars,2005
Martha's Baking Favorites,2005
Martha's Summer Favorites,2006
Martian Child,2007
Martian Precursor,2010
Martin Short: Let Freedom Hum,2009
Martin Simpson: In Concert at the Freight &amp; Salvage,2004
Martindale,2013
Mary and Martha,2013
Matadors,2010
Material Lies,2011
Max Havoc: Ring of Fire,2006
Max Rose,2013
Maximum Cage Fighting,2006
Maximum Conviction,2012
Mayor Cupcake,2011
McCanick,2013
McCartney's Genes,2008
Me Time,2009
Mean Girls 2,2011
Meet Dave,2008
Meet Monica Velour,2011
Meet the Fockers,2004
Meet the Santas,2005
Meet the Spartans,2008
Mega Piranha,2010
Mega Shark Versus Giant Octopus,2009
Megafault,2009
MegaMind,2010
Megamind: The Button of Doom,2011
Meltdown,2009
Melvin Smarty,2012
Memorial Day,2011
Men in Black 3,2012
Men's Affair,2008
Metal Man,2009
Metal's Dark Side: Hard and the Furious: Vol. 1,2005
Meteor Apocalypse,2010
Meteor Storm,2010
Method,2004
Miami Vice,2006
Michael Clayton,2007
Middle Men,2009
Middle of Nowhere,2008
Midgets Vs. Mascots,2008
Midnight Son,2011
Millennium Apocalypse,2006
Millennium Crisis,2007
Mimesis,2011
Mind of Its Own,2010
Mind Polish: Master Hubbard's Special Reserve,2008
Minor Details,2009
Minor League: A Football Story,2010
Miracle at Sage Creek,2005
Mirror Mirror,2012
MirrorMask,2005
Mirrors 2,2010
Miss March,2009
Miss Potter,2006
Missing in America,2005
Mission: Impossible ? Ghost Protocol,2011
Mixing Karma,2009
Model Minority,2012
Modern Imbeciles Planet World,2010
Mojado,2011
Mojave Phone Booth,2006
Molly &amp; Roni's Dance Party,2005
Molly's Girl,2012
Mom at Sixteen,2005
Moneyball,2011
Monster Beach Party,2005
Monster Heroes,2010
Monster High: Ghouls Rule,2012
Monster House,2006
Monster Man,2004
Monster Mutt,2011
Monster,2009
Monumental: David Brower's Fight for Wild America,2005
Moonlight and Mistletoe,2008
Moonlight Serenade,2009
Morning Glory,2010
Mosquito Man,2005
Mossadegh,2012
Mother Goose Parade,2008
Motor Home Massacre,2005
Move Me,2006
Moves: The Rise And Rise Of The New Pornographers,2011
Movie 43,2013
Mozart and the Whale,2005
Mozlym,2008
Mr. Brooks,2007
Mr. Halloween,2007
Mr. Magorium's Wonder Emporium,2007
Mr. Morgan's Last Love,2013
Mr. Popper's Penguins,2011
Mr. Sophistication,2012
Mr. Tweed,2005
Mr. Universe,2012
Mrs. Miracle,2009
Muhammad Ali's Greatest Fight,2013
Muhammad: The Last Prophet,2004
Multiple Sarcasms,2010
Munich,2005
Murda Muzik,2004
Murder at the Presidio,2005
Murder Party,2007
Murderer,2009
Murder-Set-Pieces,2004
Music High,2011
Must Come Down,2012
Mutants,2008
Mutation,2006
Mute,2005
Mutual Appreciation,2006
Mutual Friends,2013
My Apocalypse,2008
My Bloody Valentine,2009
My Blueberry Nights,2007
My Effortless Brilliance,2008
My Future Boyfriend,2011
My Girlfriend's Boyfriend,2010
My Little Pony Live!: The World's Biggest Tea Party,2008
My Little Pony: A Very Pony Place,2007
My Little Pony: Meet the Ponies,2008
My Little Pony: Twinkle Wish Adventure,2009
My Mexican Shivah,2007
My Mom's New Boyfriend,2008
My Name Is Modesty,2004
My Night with Andrew Cunanan,2011
My One and Only,2009
My Sassy Girl,2008
My Stomach Hurt: Part 1,2005
My Sucky Teen Romance,2011
My Suicidal Sweetheart,2005
My Super Ex-Girlfriend,2006
My Super Psycho Sweet 16: Part 2,2010
My Super Psycho Sweet 16: Part 3,2012
My True Self,2008
My Uncle Rafael,2012
My Week with Marilyn,2011
Mystery Team,2009
Naked As We Came,2013
Naked Boys Singing,2007
Naked Fear,2007
Nanny McPhee,2005
NASCAR: The Ride of Their Lives,2008
Nate &amp; Margaret,2012
National Lampoon's Dorm Daze 2,2006
National Treasure,2004
National Treasure: Book of Secrets,2007
Nature of the Beast,2007
Nazis at the Center of the Earth,2012
NBA Hardwood Classics: Below the Rim,2005
NBA Hardwood Classics: NBA Live 2001,2006
Nebraska,2013
Negotiations,2007
Neil's Party,2005
Nesting,2012
Netherbeast Incorporated,2007
Never Back Down 2: The Beatdown,2011
Never Surrender,2009
New Emissions of Light &amp; Sound,2008
New Low,2010
New Moon,2009
New York Blood,2009
New York City Ballet: Bringing Balanchine Back,2008
New York Doll,2005
New York Waiting,2006
Newlyweds,2011
Next Day Air,2009
Next Stop Murder,2010
NFL: In Just One Play,2008
Nice Guys Finish Last,2011
Nick and Norah's Infinite Playlist,2008
Night at the Museum,2006
Night at the Museum: Battle of the Smithsonian,2009
Night Moves,2013
Night of the Little Dead,2011
Nightbeast,2004
Nightmare Boulevard,2004
Nights in Rodanthe,2008
Nina &amp; the Mystery of the Secret Room,2007
Ninah's Dowry,2012
Nine Lives,2005
Ninja,2009
Nisa,2010
Nite Tales: The Movie,2008
No Heroics,2009
No Impact Man,2009
NO MERCY,2008
No One Lives,2012
No Place on Earth,2012
No Saints for Sinners,2011
No Sleep til Shanghai,2007
No Strings Attached,2011
No?lle,2007
Nobody Walks,2012
Nobody,2007
Noel,2004
Noise Matters,2012
Nor'easter,2012
Norman,2010
Not Easily Broken,2009
Not Evelyn Cho,2009
Not Safe for Work,2013
Not That Funny,2011
Not Today,2011
Nothing Left Unsaid,2010
Nothing Personal,2009
Nowhere to Run,2010
Nuclear Family,2011
Nuclear Hurricane,2007
Numb,2007
Nunsensations!: The Nunsense Vegas Revue,2006
Nurse 3-D,2012
NY Export: Opus Jazz,2010
Obsession: Radical Islam's War Against the West,2007
OC Babes and the Slasher of Zombietown,2008
Occupant,2011
Ocean's Thirteen,2007
Oculus,2013
Of Boys and Men,2008
Off the Ledge,2009
Official Rejection,2009
Ojai Bums,2009
Oklahoma Sunshine,2009
Old Dogs,2009
Old Joy,2006
On and On,2010
On Falling,2011
On Native Soil,2006
On the One,2005
On the Road with Judas,2007
Ondine,2009
One Good Man,2009
One in the Chamber,2012
One Man's Treasure,2009
One More Round,2005
One Night Stand: Earthquake,2006
One On One,2010
One Square Mile of Earth,2010
One Wish,2010
Only God Can Judge Me,2004
Only God Forgives,2013
Only in Your Dreams,2006
Open Grave,2013
Open Road,2012
Open Season 2,2008
Open Season 3,2010
Open Season,2006
Open Window,2006
Operation Homecoming: Writing the Wartime Experience,2007
Opposite Day,2009
Opry Video Classics: Songs That Topped the Charts,2008
Orchestra of Exiles,2012
Ordinary Miracles,2005
Orlando's Joint: Vol. 1,2008
Orwell Rolls in His Grave,2004
Other People's Kids,2011
Other People's Money,2010
Otis,2008
Our Fathers,2005
Our Feature Presentation,2008
Our Time Is Up,2004
Outnumbered,2011
Outside the Box,2007
Over Her Dead Body,2008
Over the GW,2007
P.D.A.,2012
Pacific Rim,2013
Padm?,2008
Pain Within,2007
Palm County,2010
Palo Alto,2007
Palo Pinto Gold,2008
Paparazzi,2004
Paper Cut,2004
Paper Heart,2009
Paranormal Activity 3,2011
Paranormal Entity,2009
Part Two: The Warm Mission,2009
Particle: Transformations Live,2006
Parting Words,2008
Partly Cloudy,2009
Partner(s),2005
Partners,2009
Parts,2010
Party Animalz,2004
Party Foul,2011
Party Wagon,2004
Parzania,2005
Passion Play,2010
Passport to Love,2009
Pastor Jones 2: Help Save My Daughter,2006
Paul Blart: Mall Cop,2009
Paul McCartney Really is Dead: The Last Testament of George Harrison,2010
Paul McCartney: The Space Within Us,2005
Paul Williams Still Alive,2011
Paul,2011
Pauly Shore's Natural Born Komics Sketch Comedy Movie: Miami,2007
Payaso Comedy Slam,2007
Peace on Earth/Little Drummer Boy,2010
Peanut Butter &amp; Jelly,2013
Pearblossom,2009
Pedro,2008
Peep Game,2010
Peep World,2011
Pelt,2010
Penguins of Madagascar: Happy King Julien Day!,2009
Penguins of Madagascar: I Was a Penguin Zombie,2010
People Like Us,2012
Percy Jackson &amp; the Olympians: The Lightning Thief,2010
Perfect 10,2010
Perfect Combination,2010
Perfect Life,2009
Perfect Opposites,2004
Perfume: The Story of a Murderer,2006
Pete Smalls Is Dead,2010
Phantom Racer,2009
Phil Spector,2013
Phineas and Ferb The Movie: Across the 2nd Dimension,2011
Phoebe in Wonderland,2008
Pi?atas Revenge,2008
Picture This,2008
Pigface: Free for All,2005
Pilgrim Song,2012
Pineapple Express,2008
Pink Collar,2006
Pink Lemonade,2006
Piranha 3D,2010
Pirate Camp,2007
Pirates of Ghost Island,2007
Pirates of the Caribbean: At World's End,2007
Pirates of the Caribbean: Dead Man's Chest,2006
Pirates of the Caribbean: On Stranger Tides,2011
Pirates of Treasure Island,2006
Pixie Hollow Games,2011
Pizza My Heart,2005
Plain Truth,2004
Planet 51,2009
Planet Hulk,2010
Plasterhead,2006
Platinum Comedy Series: Earthquake: About Got Damm Time!,2005
Play Dead,2009
Play Dead,2011
Play Name,2010
Play On,2010
Playback,2010
Playdate,2012
Playing Columbine,2008
Playmobil: The Secret of Pirate Island,2009
Please Give,2010
Pleased to Meet Me,2013
Poe,2011
Point of Fear,2006
Poison Sweethearts,2008
Politics of Love,2011
Poncho Sanchez: Poncho at Montreux,2004
Ponies,2012
Pool Party,2007
Poolboy: Drowning Out the Fury,2011
Pop Skull,2007
Pope John Paul II,2005
Popstar,2005
Population 436,2006
Portland,2010
Poseidon,2006
Possessions,2011
Postales,2010
Poultrygeist: Night of the Chicken Dead,2006
Prairie Fever,2008
Praise Band: The Movie,2008
Pray 2: The Woods,2008
Pray for Morning,2006
Pray,2007
Prayer Life,2007
Prayers for Bobby,2009
Preacher's Kid,2010
Predator Island,2005
Premium Rush,2012
Premonition,2007
President Barack Obama: The Man and His Journey,2008
Press Start,2007
Pretty Happy,2010
Pride and Glory,2008
Pride,2007
Pride,2011
Priest,2011
Prince of Broadway,2008
Princess Ka'iulani,2009
Princess Protection Program,2009
Princess,2008
Prisoners,2013
Project X,2012
Pro-Life,2007
Prom,2011
Prometheus,2012
Promise Me a Lie,2012
Promised Land,2012
Proof,2005
Proud American,2008
Puccini for Beginners,2006
Puerto Vallarta Squeeze,2004
Puncture,2011
Punisher: War Zone,2008
Punk Rock Holocaust 2,2008
Punk Rock Holocaust,2004
Punk: Attitude,2005
Puppet Master X: Axis Rising,2012
Purple Heart,2006
Pussyfoot,2008
Putty Hill,2010
Putzel,2012
Q: Secret Agent,2008
Quantum Apocalypse,2010
Quantum of Solace,2008
Quarantine,2008
Quarter Life Crisis,2006
Queen of Hearts,2011
Queen of Media,2011
Queen Sized,2008
Queens of Heart,2006
Queens Over Jacks,2005
Queer Duck: The Movie,2006
Quest for Honor,2009
Quest for Zhu,2011
Quiet City,2007
R.I.P.D.,2013
R/Evolve,2013
Rabbit Hole,2010
Race to Witch Mountain,2009
Race You to the Bottom,2005
Race,2007
Racing Stripes,2005
Radio Cape Cod,2008
Radio Disney Party Jams: The Concert,2006
Radio Takeover,2004
Rage and Discipline,2004
Raging Sharks,2005
Rags,2012
Rails &amp; Ties,2007
Rainbow Valley Fire Department,2004
Raising Flagg,2006
Raising Genius,2004
Raising Helen,2004
Rampart,2005
Rampart,2011
Ranchero,2008
Random Encounters,2011
Rap War One,2004
Raspberry &amp; Lavender,2004
Raving,2007
Raw Footage,2005
Raze,2013
Razzle Dazzle Part 2,2011
Read It and Weep,2006
Real Steel,2011
Re-Animated,2006
Reboot,2012
Reborn,2009
Rebound,2005
Rebound,2009
Reconstruction,2011
Recount,2008
Re-cycle,2006
Recycled Parts,2007
Red 71,2008
Red Canyon,2009
Red Dirt Rising,2010
Red Doors,2006
Red Faction: Origins,2011
Red Flag,2012
Red Line,2013
Red Riding Hood,2011
Red State,2011
Red Trousers ? The Life of the Hong Kong Stuntmen,2004
Redemption Maddie,2007
Redemption Road,2010
Redemption,2009
Redemption,2011
Redemption,2013
Redline,2007
Reefer Madness,2005
Reel Love,2011
Registered Sex Offender,2008
Reign of the Fallen,2005
Reign Storm,2005
Relative Strangers,2006
Remains,2011
Remarkable Power,2008
Repo! The Genetic Opera,2006
Repos,2006
Reservation Road,2007
Resident Evil: Apocalypse,2004
Resident Evil: Extinction,2007
Resident Evil: Retribution,2012
Resolution,2012
Restitution,2011
Restless,2011
Restraining Order,2006
Resurrection Mary,2007
Retribution Road,2007
Return of the Living Dead: Necropolis,2005
Return of the Living Dead: Rave from the Grave,2005
Return of the Outlaws,2007
Return to Babylon,2013
Return to Halloweentown,2006
Return to Sender,2004
Return to Sleepaway Camp,2008
Revamped,2008
Revenge for Jolly!,2012
Reversion,2008
Revolution Green: A True Story of Biodiesel in America,2007
Revolutionary Road,2008
Rhinoceros,2012
Rich in Spirit,2007
Richard Pryor: Omit the Logic,2013
Rid of Me,2011
Riddick,2013
Riding the Bullet,2004
RiffTrax: House on Haunted Hill,2009
RiffTrax: Missile to the Moon,2009
RiffTrax: Plan 9 from Outer Space,2009
RiffTrax: Reefer Madness,2010
RiffTrax: Shorts-tacular Shorts-stravaganza,2009
RiffTrax: The Best of RiffTrax Shorts: Vol. 1,2009
RiffTrax: The Best of RiffTrax Shorts: Vol. 2,2009
Right Next Door,2011
Right to Die,2007
Rim Shop,2007
Ring Around the Rosie,2006
Ring of Darkness,2004
Ringo Starr &amp; His All Starr Band: Live at the Greek Theatre 2008,2008
Rings,2005
Ripple Effect,2007
Rise of the Dead,2007
Rise of the Planet of the Apes,2011
Rise: Blood Hunter,2007
River City Rumble,2004
River of Darkness,2011
Rize,2005
Road Dog,2011
Road Raiders,2011
Road to Capri,2011
Road Trip: Beer Pong,2009
Roadie,2011
Roadkill,2011
Roast of Joan Rivers,2009
Robbing Peter,2004
Robin Gibb with the Frankfurt Neue Philharmonic Orchestra: Live,2004
Robin Hood,2010
Robin Williams: Weapons of Self-Destruction,2009
Robin's Big Date,2005
RoboDoc,2008
Robots,2005
Rock Haven,2007
Rock of Ages,2012
Rock Slyde,2009
Rock the Paint,2005
Rockin' Meera,2006
Role/Play,2010
Rollercaster Safety with Patrick Warburton,2011
Rolling,2007
Romeo &amp; Juliet vs. the Living Dead,2009
Room 33,2009
Rosewood Lane,2011
Roswell FM,2012
Rounding Third,2006
Roxy Hunter and the Mystery of the Moody Ghost,2007
Roxy Hunter and the Myth of the Mermaid,2008
Roxy Hunter and the Secret of the Shaman,2008
Royal Reunion,2011
Rumor Has It?,2005
Runaway,2005
Rune,2006
Running with Scissors,2006
RV,2006
RX,2005
S.E.R.E.,2008
S.S. Doomtrooper,2006
S.W.A.T.: Firefight,2011
Sacrifices of the Heart,2007
Safe Haven,2013
Saga of a Crew,2008
Sahkanaga,2011
Saints and Soldiers: Airborne Creed,2012
Salt,2010
Saltwater,2012
Sam Steele and the Crystal Chalice,2011
Samaritan,2012
Samuel Bleak,2011
Sand Sharks,2011
Sandland: Summer's Kiss,2010
Santeria,2012
Sasquatch Hunters,2005
Sassy Pants,2012
Satan's Cannibal Holocaust,2007
Satan's Playground,2006
Savage County,2010
Savage Grace,2007
Savage Harvest 2: October Blood,2006
Save the Date,2012
Saved!,2004
Saving Angelo,2007
Saving Mr. Banks,2013
Saving Santa,2013
Saw II,2005
Saw III,2006
Saw IV,2007
Saw V,2008
Saw VI,2009
Saw VII,2010
Saw,2004
Sawaru,2006
Sawdust City,2010
Say Hello to Stan Talmadge,2009
Scam,2006
Scary Movie 4,2006
Scary or Die,2012
Scavengers,2012
Scenes From The Suburbs,2010
School Gyrls,2010
Science Ninja Team Gatchaman,2009
Scooby-Doo! and the Samurai Sword,2009
Scooby-Doo! Legend of the Phantosaur,2011
Scooby-Doo! Mask of the Blue Falcon,2012
Scoop,2006
Scorpio Men on Prozac,2010
Scott's Dead,2010
Scourge,2008
Scrat's Continental Crack-Up: Part 2,2011
Screamers: The Hunting,2009
Screaming for Sanity: Truth or Dare 3,2006
Screwed,2011
Sculpture,2009
Sea Beast,2009
Searching for David's Heart,2004
Searching for Sonny,2011
Season of the Witch,2011
Second Coming,2009
Seconds Apart,2011
Seconds of Pleasure,2012
Secret Machine,2006
Secret of the Cave,2006
Secret Window,2004
Secretariat,2010
Secrets of the Furious Five,2008
See Girl Run,2012
See Jane Run,2007
See You in September,2010
Seeds of Arkham,2011
Seeking a Friend for the End of the World,2012
Seraphim Falls,2006
Serial Killing 4 Dummys,2004
Serial TV,2008
Serious Moonlight,2009
Serpent Girl,2012
Serpent Rising,2011
Sesame Street: Elmo's Potty Time,2005
Set Apart,2009
Seven Days of Grace,2006
Seven Psychopaths,2012
Severed: Forest of the Dead,2005
Sex &amp; Consequences,2006
Sex and the City 2,2010
Sex and the City,2008
Sex Pot,2009
Sex Tax: Based on a True Story,2010
sexting,2010
Sexual Life,2005
Shackles,2005
Shade of Grey,2009
Shades of Ray,2008
Shadow in the Trees,2007
Shadow of Fear,2004
Shadow People,2008
Shadowed,2012
Shadowheart,2009
Shadowless Sword,2005
Shadows and Lies,2010
Shark Night,2011
Shark Tale,2004
Sharknado,2013
Sharpay's Fabulous Adventure,2011
She Believes in Fate,2010
Sheeba,2005
Sheep Impact,2011
Shelter,2007
Sherlock Holmes and the Case of the Silk Stocking,2004
Sherlock Holmes,2009
She's Crushed,2009
She's Not Our Sister,2011
She's Out Of My League,2010
Shiloh Falls,2007
Shira: The Vampire Samurai,2005
Shit Year,2010
Shoot the Freak,2012
Shooting for Something Else,2011
Shooting for Tomorrow,2011
Shortbus,2006
Show Stoppers,2008
Shower of Blood,2004
Shredd,2011
Shrek the Third,2007
Shrink,2009
Shuffle,2010
Shut Up and Kiss Me,2005
Shutter Island,2010
Side by Each,2008
Silent Hill: Revelation 3D,2012
Silent Partner,2005
Silent Venom,2009
Silo Killer 2: The Wrath of Kyle,2009
Silver Bells,2005
Silver City,2004
Simon Says,2006
Sinbad: The Fifth Voyage,2011
Sinful,2006
Sin-Jin Smyth,2006
Sinners and Saints,2010
Siren,2006
Sironia,2011
Sissy Frenchfry,2005
Sister Mary,2010
Sita Sings the Blues,2008
Six Bullets,2012
Six Sex Scenes and a Murder,2008
Six: The Mark Unleashed,2004
Sixteen Days in China,2008
Skin Crawl,2007
Skiptracers,2009
Skull Heads,2009
Skyline,2010
Slanted Comedy: Vol. 1,2008
Slaughter Party,2005
Slaughterhouse of the Rising Sun,2004
Slayer,2006
Sleep Study,2010
Sleepaway Camp Reunion,2013
Sleepwalk with Me,2012
Slices,2008
Slightly Single in L.A.,2011
Slipstream,2005
Slipstream,2007
Slither,2006
Slumber Party,2006
Small Apartment,2008
Small Apartments,2012
Small Town Saturday Night,2009
Smart People,2008
Smart Start Yoga,2009
Smile For The Camera.,2005
Smile Pretty,2009
Smiley,2012
Smoke Screen,2010
Smokin' Aces,2006
Smooch,2011
Snakes on a Plane,2006
Snow Angels,2007
Snuff Dogs,2008
So Close,2009
SoBe Real,2011
Soccer Dog: European Cup,2004
Soccer Moms,2005
Sojourn,2008
Solipsist,2012
Some Days are Better than Others,2009
Some Guy Who Kills People,2011
Some of the Parts,2010
Somebody Up There Likes Me,2012
Something Borrowed,2011
Something Is Killing Tate,2008
Something Like a Business,2010
Something New,2006
Somewhere Tonight,2011
Somewhere,2010
Son of Morning,2011
Son of the Dragon,2007
Sophomore,2012
Sorority Sister Slaughter,2007
Soul Plane,2004
Soul Surfer,2011
Soul Theater Series: The Fabric of a Man,2004
Soulmates,2008
Soul's Midnight,2006
Sound of My Voice,2011
Soundstage: Ringo Starr and the Roundheads,2005
Soup of the Day,2006
South of Hell,2005
South of Pico,2007
Southbounders,2005
Southern Belles,2005
Southland Tales,2006
Space Buddies,2009
Space Cadet,2013
Space Chimps 2: Zartog Strikes Back,2010
Space Chimps,2008
Sparkle,2012
Sparks in the Night,2010
Spartan,2004
Special Ops,2010
Species III,2004
Spectacular!,2009
Speed Dating,2007
Sperm Drippers,2006
Spicy Mac Project,2010
Spiritual Warriors,2007
Splatter Beach,2007
Splatter Disco,2007
Split Ends,2009
Spoils of War,2009
Spooners,2013
Spoonful,2012
Spork,2010
Spree,2008
Spring Break '83,2012
Spring Break Shark Attack,2005
Spring Breakdown,2009
Spring/Fall,2011
Spy Kids: All the Time in the World,2011
Squeal,2008
St. James St. James Presents: Delirium Cinema,2011
Stacy McCarthy: Yoga Body: Fat Burning Workout,2008
Stag Night,2009
Stainless Steel,2012
Stan Helsing,2009
Stand Clear of the Closing Doors,2013
Standard Operating Procedure,2008
Standing Firm,2010
Standing Ovation,2010
Standing Still,2005
Star Party,2005
Star Wars: The Clone Wars,2008
Stargate: The Ark of Truth,2008
Staring at the Sun,2005
Starkweather,2004
Starlet,2012
Starship Troopers: Invasion,2012
Starter for 10,2006
Starting Out in the Evening,2007
Starting Over,2008
Starz Inside: Unforgettably Evil,2009
State of Play,2009
State Property 2,2005
Steal Me,2005
Stealing Candy,2004
Stealing Las Vegas,2012
Step Up Revolution,2012
Stephanie Daley,2007
Stephen Tobolowsky's Birthday Party,2005
Still Waiting...,2009
Still Waters Burn,2008
Stolen,2012
Stomp the Yard,2007
Stompin' at the Savoy,2004
Stonehenge Apocalypse,2010
Stop the Pounding Heart,2013
Storm of the Dead,2005
Straight A's,2013
Strange Wilderness,2008
Stranger than Fiction,2006
Street Fighter: The Legend of Chun-Li,2009
Street Kings,2008
Street Kings: Motor City,2011
Street Racer,2008
Street Warrior,2008
Streetballers,2009
Streets,2011
Stuck in Love,2012
Stuck,2007
Studio 666,2005
Stuff,2010
Stuntmen,2009
Stupid Teenagers Must Die!,2007
Subject: I Love You,2011
Submarine,2010
Such Great Joy,2005
Sucker Punch,2009
Sucker Punch,2011
Sugar Boxx,2009
Sugar Creek,2007
Sugar,2008
Sugar,2011
Suitable for Murder,2008
Sunday School Musical,2008
Sunday,2008
Sundays at Tiffany's,2010
Sundowning,2005
Sunny and Share Love You,2007
Suns and Stars,2008
Sunset Stories,2012
Sunshine Cleaning,2008
Super Capers,2009
Super Hero Party Clown,2010
Super,2010
Superbabies: Baby Geniuses 2,2004
Supercapitalist,2012
Supercross Exposed: Stewart's New Beginning,2006
Superglue,2008
Superhero Movie,2008
Superhero,2011
Superman Returns,2006
Superman vs. The Elite,2012
Superman/Batman: Apocalypse,2010
Superman/Batman: Public Enemies,2009
Superman/Shazam!: The Return of Black Adam,2010
Superman: Doomsday,2007
Supporting Characters,2012
Supreme Champion,2010
Surf School,2006
Surrogates,2009
Survival,2006
Survivors,2008
Sushi Girl,2012
Suspect Zero,2004
Sveener and the Shmiel,2009
S-VHS,2013
Swamp Zombies,2005
Sweethearts of the Prison Rodeo,2009
Swing Vote,2008
Swinging with the Finkels,2011
T4-2,2010
Take A Chance,2006
Take a Load Off Your Heart,2004
Take a Seat,2011
Take Me Home Tonight,2011
Take Me Home,2011
Take Out,2004
Taking Chance,2009
Taking Chances,2009
Taking Lives,2004
Tales from the Crapper,2004
Tales of an Ancient Empire,2010
Talk to Me,2007
Tall as Trees,2008
Talladega Nights: The Ballad of Ricky Bobby,2006
Taming the Wild West: The Legend of Jedediah Smith,2005
Tara Rum Pam Pam,2007
Tears of a King,2007
Ted,2012
Teen Beach Movie,2013
Teen Boxer,2009
Teen Spirit,2011
Teen Splash 2008: Part 2,2008
Teens Like Phil,2012
Tekken,2009
Tenacious D in The Pick of Destiny,2006
Terminator Salvation,2009
Terri,2011
Terror at Blood Fart Lake,2009
Test,2013
Testosterone,2004
Tetherball: The Movie,2011
Tetsujin 28: The Movie,2005
Texas Killing Fields,2011
ThanksKilling Sequel,2012
The 100th Job,2009
The 19th Wife,2010
The 2 Bobs,2009
The 41 Year Old Virgin Who Knocked Up Sarah Marshall and Felt Superbad About It,2010
The 5th Quarter,2011
The 8th Plague,2006
The 9th Circle,2008
The Accidental Husband,2008
The Achievers,2006
The Adults In The Room,2010
The After Party: The Last Party 3,2011
The Air I Breathe,2007
The Alamo,2004
The Alps,2007
The Amazing Mrs. Novak,2009
The Amazing Spider-Man,2012
The American Dream,2008
The American Mall,2008
The American Standards,2008
The Amityville Haunting,2011
The Anchorage,2009
The Angriest Man in Brooklyn,2013
The Anna Nicole Story,2013
The Apocalypse,2013
The Art of Kissing,2008
The Artist,2011
The Aryan Couple,2004
The Assassin,2005
The Assassination of Jesse James by the Coward Robert Ford,2007
The Au Pairs,2010
The Auteur,2008
The Author: Part of Locker 13,2009
The Awakening,2010
The Babymakers,2012
The Bachelor Party,2011
The Ballad of G.I. Joe,2009
The Batman vs. Dracula,2005
The Baxter,2005
The Bay,2012
The Baytown Outlaws,2011
The Beach Party at the Threshold of Hell,2006
The Beacon,2009
The Beast Pageant,2010
The Beautiful Ordinary,2007
The Beaver,2011
The Bell,2009
The Big Bad Swim,2006
The Big Wedding,2013
The Big White,2005
The Big Year,2011
The Black Belle,2012
The Black Dahlia Murder: Majesty,2009
The Blind Side,2009
The Bling Ring,2011
The Bling Ring,2013
The Blisters: How Four Became Three,2012
The Blue Tooth Virgin,2008
The Bondage,2006
The Book of Eli,2010
The Book of Joe,2013
The Books of John,2007
The Boston Strangler,2008
The Bounceback,2013
The Bourne Supremacy,2004
The Boy with the Sun in His Eyes,2009
The Boys &amp; Girls Guide to Getting Down,2006
The Breakdance Kid,2004
The Break-Up Tour,2012
The Break-Up,2006
The Bride Wore Blood,2006
The Brides of Sodom,2013
The Bridge,2006
The Brothers Grimm,2005
The Brothers Solomon,2007
The Buried,2011
The Burning Plain,2008
The Burrowers,2008
The Butler,2013
The Butterfly Effect 2,2006
The Butterfly Effect 3: Revelations,2009
The Butterfly Effect,2004
The Call of Cthulhu,2005
The Casino Job,2009
The Casserole Club,2011
The Chair,2012
The Chaperone,2011
The Cheetah Girls: One World,2008
The Chronicles of Narnia: The Voyage of the Dawn Treader,2010
The Chronicles of Riddick,2004
The Chronicles of Riddick: Dark Fury,2004
The Chumscrubber,2005
The Church,2008
The City Is Mine,2008
The Civilization of Maxwell Bright,2005
The Clique,2008
The Cloth,2013
The Collection,2012
The Collector,2009
The Comebacks,2007
The Comedy,2012
The Company Men,2010
The Complete History of America,2005
The Condemned,2007
The Conspirator,2010
The Contractor,2007
The Controller,2008
The Cook,2008
The Council of Dads,2011
The Countess,2009
The Courageous Heart of Irena Sendler,2009
The Courier,2012
The Crab,2010
The Craigslist Killer,2011
The Craving Heart,2006
The Crazy Cartoon III: The Quest for the Thing That Does Some Stuff,2006
The Cream Team 1,2007
The Crooked Eye,2009
The Cry,2007
The Curse of King Tut's Tomb,2006
The Curse of the Black Dahlia,2006
The Damage Manual,2008
The Dark Knight,2008
The Darkroom,2005
The Darwin Awards,2006
The Day After Tomorrow,2004
The Day I Died,2006
The Day the Earth Stood Still,2008
The Day the Earth Stopped,2008
The Day,2011
The Dead,2009
The Deal,2004
The Death of Seasons,2005
The Debt Collector,2011
The Decemberists: A Practical Handbook,2006
The Decoy,2006
The Defenders,2009
The Dells: Live from NYC,2006
The Departed,2006
The Devil Inside,2012
The Devil's Carnival,2012
The Devil's Dominoes,2007
The Diary of Preston Plummer,2012
The Dictator,2012
The Dilemma,2011
The Dinner Party,2010
The Dive from Clausen's Pier,2005
The Dog Problem,2006
The Donner Party,2009
The Donor Conspiracy,2007
The Double,2011
The Douch?,2010
The Dread,2007
The Drone Virus,2004
The Drum Beats Twice,2004
The Duchess,2008
The Dukes of Hazzard,2005
The Dust Factory,2004
The Dying Gaul,2005
The Eagle,2011
The East,2013
The Echo,2008
The Eden String Quartet: A Bountiful Blessing,2006
The Eight Percent,2009
The End of Love,2012
The Engagement,2006
The Errand of Angels,2008
The Escape,2011
The Evil Eyes,2011
The Ex,2007
The Exit Room,2012
The Express,2008
The Extra Man,2010
The Eye of the Storm,2011
The Eye,2008
The Fabric of a Man,2005
The Faithful and the Foul,2006
The Fall of Night,2007
The Fall,2006
The Fallen Ones,2005
The Falling,2006
The Family That Preys,2008
The Family,2013
The Fickle,2011
The Fields,2011
The Final Cut,2004
The Final Destination,2009
The Final,2010
The Firm: Cardio Party,2007
The First Hope,2013
The First Step,2012
The Fists of Righteous Harmony,2007
The Five-Year Engagement,2012
The Florist,2004
The Flying Scissors,2009
The Forbidden Kingdom,2008
The Foursome,2006
The Frozen Ground,2013
The Fugue,2009
The Game of Their Lives,2005
The Garage,2006
The Gathering Squall,2011
The Gauntlet,2011
The Ghastly Love of Johnny X,2012
The Ghost of Goodnight Lane,2012
The Ghosts of Girlfriends Past,2009
The Giant Mechanical Man,2012
The Gift,2009
The Gingerdead Man,2005
The Girl in the Caf?,2005
The Girl Next Door,2007
The Girl Who Shagged Me,2005
The Girl with the Dragon Tattoo,2011
The Girl,2012
The Goal,2005
The Gods of Circumstance,2009
The Good Friday,2009
The Good German,2006
The Good Guy,2009
The Good Heart,2009
The Good Night,2007
The Goodbye Girl,2004
The Graduates,2008
The Grand Horror,2006
The Grass Grows Green,2007
The Graveyard,2006
The Great Buck Howard,2008
The Great Debaters,2007
The Great Fight,2011
The Great New Wonderful,2006
The Great Raid,2005
The Greatest Song,2009
The Guardian,2006
The Guilt Trip,2012
The Gundown,2011
The Hammer,2007
The Hangover Part III,2013
The Hangover,2009
The Hangover: Part II,2011
The Happiest Man Alive,2010
The Happy Elf,2005
The Happy Sad,2013
The Harpy,2007
The Haunting Hour: Don't Think About It,2007
The Haunting in Connecticut,2009
The Haunting of Molly Hartley,2008
The Heart is a Drum Machine,2009
The Heart Is Deceitful Above All Things,2004
The Heart of Texas,2009
The Heart Specialist,2006
The Heartbreak Kid,2007
The Heartbreaker,2011
The Heat,2013
The Hidden Epidemic: Heart Disease in America,2007
The Hideout,2007
The Hillside Strangler,2004
The Hitchhiker's Guide to the Galaxy,2005
The Hobart Shakespeareans,2004
The Hobbit: An Unexpected Journey,2012
The Holiday,2006
The Hollow,2004
The Horror Vault: Part 1,2008
The Horror Vault: Part 2,2009
The House Bunny,2008
The House Next Door,2006
The House of the Devil,2009
The House of Usher,2006
The Howling: Reborn,2011
The Hunt for the BTK Killer,2005
The Hunting Party,2007
The Iceman,2012
The Ides of March,2011
The Idiotmaker's Gravity Tour,2011
The Immigrant,2013
The Imposter,2008
The Incident,2011
The Indian,2007
The Indie Pendant,2004
The Inevitable Defeat of Mister and Pete,2013
The Informers,2008
The Inheritance,2011
The Inn Keeper,2010
The Inner Life of Martin Frost,2007
The International,2009
The Invasion,2007
The Invention of Lying,2009
The Invisible,2007
The Iris Effect,2005
The Jack Quartet: Xenakis String Quartets,2008
The Jane Austen Book Club,2007
The Jimmy Timmy Power Hour 2: When Nerds Collide,2006
The Job,2007
The Jockstrap Raiders,2011
The Junior Defenders,2007
The Keeper,2009
The Keeper: The Legend of Omar Khayyam,2005
The Kennedys,2011
The Kid: Chamaco,2009
The Killing Jar,2010
The Kims of Comedy,2005
The King of Kong: A Fistful of Quarters,2007
The King,2005
The Kings of Summer,2013
The King's Speech,2010
The Kite,2011
The Land of Eb,2012
The Land of the Astronauts,2010
The Landlord,2009
The Last Anarchist,2012
The Last Beat,2012
The Last Exorcism Part II,2013
The Last Exorcism,2010
The Last Fall,2012
The Last Godfather,2010
The Last Guy on Earth,2006
The Last Kung Fu Monk,2010
The Last Letter,2004
The Last Lovecraft: Relic of Cthulhu,2009
The Last Lovers on Earth,2004
The Last of Robin Hood,2013
The Last Resort,2011
The Last Song,2010
The Last Summer,2004
The Last Vampire on Earth,2009
The Last Winter,2007
The Lather Effect,2006
The Legend of Bloody Mary,2008
The Legend of Lucy Keyes,2005
The Librarian: Return to King Solomon's Mines,2006
The Life Zone,2011
The Lifeguard,2013
The Line,2008
The Little Engine That Could,2011
The Loneliest Planet,2011
The Longest Week,2013
The Longest Yard,2005
The Look of Love,2013
The Losers,2010
The Loss of a Teardrop Diamond,2009
The Lost City,2005
The Lost Nomads: Get Lost!,2009
The Lost Valentine,2011
The Lost,2005
The Love Affair,2010
The Love Guru,2008
The Love Patient,2011
The Lower Circle,2009
The Lunchbox,2013
The Macabre World of Lavender Williams,2009
The Magic 7,2008
The Magic of Belle Isle,2012
The Magic Stone,2009
The Man from Earth,2007
The Man with the Iron Fists,2012
The Marc Pease Experience,2009
The Master,2012
The Memory Thief,2007
The Memsahib,2005
The Men Next Door,2012
The Men Who Stare at Goats,2009
The Messengers,2007
The Midnight Meat Train,2008
The Mission of Burma Story: Not a Photograph,2006
The Mistress of Spices,2005
The Moment After 2: The Awakening,2006
The Moment,2013
The Monster of Phantom Lake,2006
The Mooring,2012
The Mortal Instruments: City of Bones,2013
The Most Girl Part of You,2012
The Mother of Invention,2009
The Mummy an' the Armadillo,2004
The Muppets' Wizard of Oz,2005
The Murder of Donovan Slain,2004
The Murder of Princess Diana,2007
The Music Never Stopped,2011
The Mystery of Natalie Wood,2004
The Naked Ape,2006
The Narrows,2008
The National Parks: America's Best Idea,2009
The Nature of Existence,2010
The Naughty Show: All Girl Comedy,2005
The New Daughter,2009
The New Tenants,2009
The New Twenty,2009
The New World,2005
The New Year,2009
The New York Dolls: Pre-Crash Condition,2004
The Newest Pledge,2012
The Next Step,2013
The Next Three Days,2010
The Night Listener,2006
The Notebook,2004
The Notorious Bettie Page,2006
The Numbers Station,2013
The One,2011
The Only Good Indian,2009
The Open Road,2009
The Other Boleyn Girl,2008
The Other End of the Line,2008
The Pacifier,2005
The Painter,2013
The Paperboy,2012
The Party Never Stops: Diary of a Binge Drinker,2007
The Pastor's Wife,2012
The Path of Evil,2005
The Path to 9/11,2006
The Penguins of Madagascar: Operation - DVD Premiere,2010
The Penthouse,2010
The People I've Slept With,2010
The Perception of Moving Targets,2012
The Perfect Age of Rock 'n' Roll,2009
The Perfect Fit,2012
The Perfect Man,2011
The Perfect Stranger,2005
The Perks of Being a Wallflower,2012
The Phantom of the Opera,2004
The Philosophers,2013
The Pink Panther,2006
The Pirates! Band of Misfits,2012
The Planet,2006
The Plans of Man,2008
The Pleasure of Being Robbed,2008
The Possession,2012
The Postwoman,2010
The Powerpuff Girls Rule!!!,2008
The Precious One,2012
The Presence,2010
The Pretty One,2013
The Prince and Me,2004
The Private Lives of Pippa Lee,2009
The Project,2008
The Prophecy: Uprising,2005
The Proposal,2009
The Proud Family Movie,2005
The Punisher,2004
The Punisher: Dirty Laundry,2012
The Purge,2013
The Putt Putt Syndrome,2010
The Quiet,2005
The Rage,2008
The Ramen Girl,2008
The Raven,2007
The Raven,2012
The Reaping,2007
The Rebound,2009
The Recorder Exam,2011
The Reluctant Fundamentalist,2012
The Rest of Your Life,2008
The Return of Joe Rich,2011
The Ring 3D,2012
The Rite,2011
The River Why,2009
The Rock 'n' Roll Dreams of Duncan Christopher,2010
The Romantics,2010
The Sacrifice,2005
The Salon,2007
The Santa Clause 3: The Escape Clause,2006
The Sasquatch Gang,2006
The Scenesters,2009
The Scorpion King 3: Battle for Redemption,2012
The Second Chance,2006
The Secret of the Magic Gourd,2007
The Secrets of Jonathan Sperry,2008
The Seduction of Eve,2009
The Seeker: The Dark Is Rising,2007
The Sensei,2007
The Sentimental Engine Slayer,2010
The Sentinel,2006
The Sessions,2012
The Shadower in 3D,2012
The Shadows,2007
The Shaggy Dog,2006
The Shiftling,2008
The Showdown,2009
The Signal,2007
The Singles 2nd Ward,2007
The Sinking of Santa Isabel,2008
The Sisterhood,2004
The Sitter,2011
The Slammin' Salmon,2009
The Slanted Screen,2006
The Sno Cone Stand Inc,2008
The Sobbing Stone,2005
The Soccer Nanny,2011
The Social Network,2010
The Spiderwick Chronicles,2008
The Spirit,2008
The Staircase Murders,2007
The Steamroom,2010
The Stink of Flesh,2005
The Story of an African Farm,2004
The Story of Bonnie and Clyde,2010
The Story of Luke,2012
The Suitcase,2009
The System Within,2006
The Taiwan Oyster,2012
The Taking of Pelham 123,2009
The Tale of Despereaux,2008
The Tall Man,2012
The Tempest,2010
The Ten Commandments,2007
The Ten Commandments: The Musical,2006
The Ten,2007
The Tenant,2010
The Terminators,2009
The Third Half,2012
The Thirst,2006
The Three Burials of Melquiades Estrada,2005
The Three Stooges,2012
The Thrillbillys,2005
The Time Traveler's Wife,2009
The Toe Tactic,2008
The Tombs,2011
The Tooth Fairy,2006
The Touch,2005
The Tourist,2010
The Treasure of Painted Forest,2006
The Tree of Life,2011
The Trouble with Romance,2007
The Truth,2010
The TV Set,2006
The Twilight Saga: Breaking Dawn - Part 1,2011
The Twilight Saga: Breaking Dawn - Part 2,2012
The Two Mr. Kissels,2008
The Ugly Truth,2009
The Ultimate Enemy,2005
The Undying,2009
The Unidentified,2008
The Uninvited,2008
The University Player,2006
The Unknown Trilogy,2007
The Unlovables,2011
The Unspeakable Act,2012
The Upside of Anger,2005
The Urn,2008
The Velveteen Rabbit,2009
The Veteran,2006
The Vicious Kind,2008
The Village Barbershop,2008
The Village,2004
The Virginity Hit,2010
The Visitation,2006
The Walker,2007
The War Boys,2009
The Watch,2012
The Watermelon,2008
The Way Back,2010
The Way,2010
The Weathered Underground,2010
The Wedding Band,2011
The Wedding Video,2007
The Weekend,2007
The Weeping Woman,2011
The Whale,2011
The Whole Ten Yards,2004
The Widow's Might,2009
The Wild Girl,2010
The Wild Man of the Navidad,2008
The Wild Stallion,2009
The Wild,2006
The Wine Cellar,2010
The Winning Season,2004
The Winning Season,2009
The Wise Kids,2011
The Wizard of Gore,2007
The Woods,2011
The Woodsman,2004
The Work and the Glory,2004
The Wrestler,2008
The Year of the Yao,2004
The Yellow Sea,2010
The Yellow Tent,2008
The Youngest Guns,2004
The Zodiac,2006
The Zombie Apocalypse,2008
Theft,2007
Their Eyes Were Watching God,2005
Then She Found Me,2007
There Will Be Blood,2007
They Are Among Us,2004
Things Left Behind,2012
Things We Lost in the Fire,2007
Third Man Out,2005
This Is Martin Bonner,2013
This Is the End,2013
This Means War,2012
This Revolution,2004
This Will All Make Perfect Sense Someday,2008
Three Can Play That Game,2007
Three of Hearts: A Postmodern Family,2005
Thru the Moebius Strip,2005
Thumbsucker,2005
Thunderstruck,2012
Ticket Out,2011
Ticket to Vegas,2013
Ticking Clock,2011
Tied Up,2004
'Til Death Do Us Partner,2008
Til Death Does His Part,2007
Tilda,2011
Timberwolf,2013
TiMER,2010
Tinker Bell and the Great Fairy Rescue,2010
Tinker Bell and the Lost Treasure,2009
Tinker Bell,2008
Titanic II,2010
TMNT,2007
TNA Wrestling: Hard Justice 2008,2008
To Inflict,2013
To Love and Die,2008
To Save a Life,2010
To the Wall,2011
to.get.her,2011
Today You Die,2005
Today's Special,2009
Tom and Jerry: Shiver Me Whiskers,2006
Tom Petty and the Heartbreakers: Runnin' Down a Dream,2008
Tom Russell: Hearts on the Line,2004
Tomboys,2009
Tommy and the Cool Mule,2009
Tomorrow's End,2011
Tomorrow's Yesterday,2006
Tons of Love,2008
Tooth Fairy 2,2012
Tooth Fairy,2010
Torn Apart,2004
Tornado Valley,2009
Torque,2004
Torture Room,2007
Total Recall,2012
Touched,2005
Touching Evil,2004
Tournament of Dreams,2005
Tower Heist,2011
Traci Townsend,2005
Tracy Morgan: Black and Blue,2010
Trade In,2009
Trade of Innocents,2012
Trade Routes,2007
Trade,2007
Trail of the Screaming Forehead,2007
Trailer Trash,2007
Train,2009
Trainer's Choice: Starter Workouts from the World's Greatest Trainers,2007
Trainwreck: My Life as an Idiot,2007
Transamerica,2005
Transformers,2007
Transformers: Dark of the Moon,2011
Transformers: Revenge of the Fallen,2009
Trapped,2009
Trash Humpers,2009
Treachery,2013
Treeless Mountain,2008
Trees 2: The Root of All Evil,2004
Trigger Effect,2007
Triloquist,2008
Triple Threat,2005
TrollHunter,2010
Tron: Legacy,2010
Trouble with the Curve,2012
Troy,2004
Trucker,2009
True Caribbean Pirates,2006
True Grit,2010
True True Lie,2006
Trust Me,2013
Trust the Man,2005
Tsuyako,2011
Tug,2010
Turbulent Skies,2010
Turn Around,2007
Turn the River,2007
Turning Green,2005
TV Party: The Documentary,2005
Twelve Men of Christmas,2009
Twilight,2004
Twilight,2008
Twitches Too,2007
Two Lovers,2008
Two:Thirteen,2009
TWV Project,2012
UFC 103: Franklin vs. Belfort,2009
UFC 115: Liddell vs. Franklin,2010
UFC 121: Lesnar vs. Velasquez,2010
UFC 53: Heavy Hitters,2005
UFC 57: Couture vs. Liddell 3,2006
UFC 63: Hughes vs. Penn,2006
UFC 67: All or Nothing,2007
UFC 69: Shootout,2007
UFC 73: Stacked,2007
UFC 77: Hostile Territory,2007
UFC 79: Nemesis,2008
UFC 81: Breaking Point,2008
UFC 82: Pride of a Champion,2008
Ultimate Avengers,2006
Ultimate Fitness for Martial Arts,2007
Ultimate Flexibility: Stretching for Martial Arts,2006
Una Noche,2012
Unbeatable Harold,2009
Uncharted,2009
UnCivil Liberties,2006
Uncle Kent,2011
Unconscious,2006
Uncorked,2009
Undead or Alive,2007
Under Still Waters,2008
Under the Bed,2012
Under the Boardwalk: The Monopoly Story,2010
Under the Influence,2008
Undercover Kids,2004
Underdogs,2013
Underworld: Awakening,2012
Underworld: Rise of the Lycans,2009
Undiscovered,2005
Undisputed II: Last Man Standing,2006
Undisputed III: Redemption,2010
Undocumented,2010
Unearthed,2004
Unearthed,2007
Unearthly Harvest,2004
Unforgivable Blackness,2004
Unholy,2007
Universal Remote,2007
Universal Soldiers,2007
Unknown Soldier,2004
Unmanned,2011
Unreal,2005
Unstoppable,2010
Unthinkable,2010
Until the Night,2004
Until the Quiet Comes,2013
Untitled Burr and Hart Project,2011
Untitled Gorillaz project,2010
Untraceable,2008
Up in the Air,2009
Up With Me,2008
Urgency,2010
V/H/S,2012
Valkyrie,2008
Valley of the Heart's Delight,2006
Vamperifica,2011
Vampire Bats,2005
Vampire,2011
Vampires: Out for Blood,2004
Vampires: The Turning,2005
Vampiro,2009
Vamps,2012
Van Helsing,2004
Van Von Hunter,2010
Van Wilder: Freshman Year,2009
Vanishing Black Male,2005
Vanishing on 7th Street,2010
Vantage Point,2008
Vara: A Blessing,2013
Vernie,2004
Vicky Cristina Barcelona,2008
Vikings: 2005 Draft Picks Collegiate Highlights,2005
VIOLA: Las habitaciones viajantes de una peque?a gigante,2008
Violent Blue,2011
Vipers,2008
Virtually Heroes,2013
Voices in Wartime,2005
Voices of Concord Jazz: Live at Montreux,2004
Voodoo Moon,2005
W.,2008
Wah Do Dem,2009
Wait,2004
Waiting...,2005
Wake the Witch,2010
Wake,2009
Waking Dreams,2004
Waking Madison,2010
Walk by Faith,2006
Walk Hard: The Dewey Cox Story,2007
Walk the Line,2005
Walking Tall,2004
Walking Tall: Lone Justice,2007
Walking Tall: The Payback,2007
Walkout,2006
Wall Street: Money Never Sleeps,2010
Wal-Mart: The High Cost of Low Price,2005
Walter Hawkins: Live Songs in My Heart,2006
Wanderlust,2012
Wanted,2008
War of the Worlds,2005
Warm Bodies,2013
Warrior Woman,2011
Warrior,2011
Wasted Orient,2007
Wasted,2006
Watchmen,2009
We All Scream for Ice Cream,2007
We are not animals,2012
We Are the Hartmans,2011
We Are the Mods,2009
We Bought a Zoo,2011
We Need to Talk about Kevin,2011
We Own the Night,2007
We Pedal Uphill,2008
We the Party,2012
We the Peeples,2013
We the People: From Crispus Attucks to President Barack Obama,2010
Weather Girl,2009
Weather Wars,2011
Wedding Daze,2004
Wedding Slashers,2006
Weight Loss Pilates with Kristin McGee,2008
Welcome to the Punch,2013
Wendy Wu: Homecoming Warrior,2006
Were the World Mine,2008
Werewolf: The Beast Among Us,2012
Wesley,2009
What Happens Next,2011
What If...,2010
What Is It?,2005
What Just Happened,2008
What on Earth Do You Do When Someone Dies?,2004
What the #$*! Do We Know!?,2004
What Up?,2007
What's the Name of the Dame?,2011
What's Your Number?,2011
Whatz Really Hood: Vol. 2,2005
When Calls the Heart,2013
When Harry Met Sally 2 with Billy Crystal and Helen Mirren,2011
When Harry Tries to Marry,2011
When Mama Returns,2004
When Soldiers Cry,2009
When the Curtain Falls,2011
Where the Truth Lies,2005
Whiskey Bay,2013
Whiskey School,2007
Whisper Island,2007
Whisper,2007
White Chicks,2004
White Frog,2012
White Men Can't Dance,2012
White on Rice,2009
White Wall,2010
Whiteout,2009
Wholesale Souls Inc.,2006
Who's the Top?,2005
Who's Your Daddy?,2004
Who's Your Monkey,2007
Why George?,2005
Why Stop Now,2012
Wianbu - Comfort Woman,2008
Wicked Lake,2008
Wifey,2005
Wild Cherry,2009
Wild Hogs,2007
Wild Roomies,2004
Wild West Comedy Show: 30 Days &amp; 30 Nights - Hollywood to the Heartland,2006
Wilde Salome,2011
Wildfire: The Arabian Heart,2010
William &amp; Kate,2011
Willie D of Geto Boys: Bachelor Party,2004
Wind Chill,2007
Winged Creatures,2008
Winter?s Bone,2010
Wire in the Blood: Prayer of the Bone,2007
Witchcraft 13: Blood of the Chosen,2008
Within the Woods,2005
Wobble: The Weight of the Truth,2008
Wolf Moon,2009
Wolves in the Woods,2006
Wolvesbayne,2009
Woman Thou Art Loosed: On the 7th Day,2012
Women in Trouble,2009
Wonder Woman,2011
World Builder,2007
World Wrestling Network: Shimmer: Vol. 1,2006
World Wrestling Network: Shimmer: Vol. 3,2006
World's Greatest Dad,2009
Wormhole Chasers,2008
Would You Rather,2012
Wounded Hearts,2004
Wreck the Halls,2008
Wrestlemaniac,2005
Wristcutters: A Love Story,2006
WWE: Hart &amp; Soul: The Hart Family Anthology,2010
WWE: SummerSlam 2010,2010
Wyvern,2009
X-Men Origins: Wolverine,2009
X-Men: First Class,2011
Xx: Where the Heart Should Be,2007
Yearbook,2011
Yellow,2006
Yogi Bear,2010
You Again,2010
You Can't Curry Love,2009
You Don't Know Jack: The Jack Soo Story,2009
You Don't Mess with the Zohan,2008
You'll Never Amount to Anything,2012
Young Adult,2011
Young Alexander the Great,2010
Your Highness,2011
Your Love Never Fails,2011
You're Nobody 'til Somebody Kills You,2012
You're So Cupid,2010
Youth in Revolt,2009
Youth Without Youth,2007
Youthanasia,2005
Z,2009
ZA: Zombies Anonymous,2005
Zac Efron's Pool Party,2009
Zack and Miri Make a Porno,2008
Zart,2006
Zero Charisma,2013
Zero Dark Thirty,2012
Zerophilia,2006
Zoey 101: Behind the Scenes,2008
Zombie Town,2007
Zookeeper,2011
Zoom,2006
Zorg and Andy,2009
Zwischenzug,2011
Zyzzyx Road,2006
